ID,Nombre,Apellido,Mail,Ingreso,Compras mensuales un pago,Compras mensuales cuotas,Pagos cr√©dito,Ahorro,Frecuencia de compras un pago,Frecuencia de compras cuotas
1,Dena,Bruins,dbruins0@instagram.com,10962.03,2165.91,1576.02,2549.02,1738.78,0.1416,0.4345
2,Gisele,Fliege,gfliege1@xing.com,996.87,132.9,2755.58,242.53,1424.95,0.6752,0.9371
3,Emili,Brimmicombe,ebrimmicombe2@tmall.com,2339.14,1914.43,763.3,2097.06,1272.98,0.2938,0.5352
4,Bryanty,Oman,boman3@wired.com,8356.7,4579.06,2697.44,434.86,687.89,0.3827,0.577
5,Diane,Adamovitz,dadamovitz4@digg.com,6676.88,3301.44,2924.04,596.96,1306.75,0.0512,0.2847
6,Nerissa,McComish,nmccomish5@wired.com,11374.87,3546.36,2000.62,2559.91,509.56,0.204,0.4223
7,Moyna,Schuchmacher,mschuchmacher6@globo.com,6781.27,4604.24,2923.87,2451.09,1423.19,0.2905,0.1571
8,Marlyn,Beany,mbeany7@newyorker.com,673.72,4439.84,1395.37,1182.14,1218.12,0.4458,0.3534
9,Jelene,Drissell,jdrissell8@rakuten.co.jp,10941.33,1575.37,1434.59,2971.72,433.48,0.3557,0.1777
10,Chadd,Symonds,csymonds9@ted.com,9483.73,2652.35,810.35,2106.83,1187.56,0.0679,0.4061
11,Alick,Edmunds,aedmundsa@hp.com,1596.34,3949.64,1915.27,1833.29,153.73,,0.54
12,Meridith,Truss,mtrussb@cafepress.com,3401.0,2630.82,1273.76,2193.65,842.77,0.4491,0.8033
13,Elvera,O'Loghlen,eologhlenc@hhs.gov,4092.6,4307.82,3812.61,2807.7,1776.73,0.3271,0.8207
14,Tove,Peret,tperetd@rakuten.co.jp,7903.54,4367.52,,312.69,183.73,0.6349,0.8793
15,Raleigh,De Pietri,rdepietrie@google.es,8677.45,2761.27,3516.3,2540.03,1196.01,0.3973,0.1371
16,Ermina,Masserel,emasserelf@mysql.com,5022.51,3143.48,800.69,67.06,1535.42,0.3219,0.3483
17,Fraser,Lown,flowng@dedecms.com,5047.46,2662.9,3673.37,80.34,876.11,0.9935,0.5552
18,Henryetta,Cowdray,hcowdrayh@google.de,4445.69,4393.79,1379.18,1159.4,686.7,0.3952,0.0009
19,Bernardine,Colliver,bcolliveri@columbia.edu,,3636.89,2034.16,,750.94,0.6396,
20,Minette,Litel,mlitelj@constantcontact.com,10500.59,440.16,3700.44,1909.11,1704.79,0.356,0.6331
21,Kass,McGee,kmcgeek@digg.com,652.5,91.71,2736.98,1398.99,429.22,0.0517,0.5777
22,Nat,Lesek,nlesekl@xrea.com,4437.74,3384.17,3822.56,1039.51,515.81,0.0248,0.5077
23,Marcy,Treasure,mtreasurem@quantcast.com,2773.95,4170.87,2118.42,2909.05,754.62,0.0418,0.2953
24,Madella,Farmer,mfarmern@surveymonkey.com,9538.03,1159.15,3119.3,1110.62,1570.01,0.2761,0.2138
25,Debra,Besant,dbesanto@tiny.cc,4804.28,2836.54,2071.52,1887.83,1394.94,0.9788,0.9305
26,Kaleena,Rea,kreap@twitpic.com,11723.77,2111.28,3713.53,1790.34,367.88,0.9339,0.8288
27,Isahella,Baulcombe,ibaulcombeq@toplist.cz,4882.34,3205.63,3982.75,2734.22,504.68,0.4414,0.1359
28,Ree,Laidel,rlaidelr@ask.com,6878.46,2370.95,2282.56,1089.45,174.04,0.162,0.2314
29,Merrill,Demkowicz,mdemkowiczs@senate.gov,8971.26,52.07,1101.26,2822.89,296.0,0.7789,0.1296
30,Boycey,Sancroft,bsancroftt@ted.com,10880.6,3069.91,605.4,89.5,122.06,0.7825,0.0601
31,Gilbertina,Brumbie,gbrumbieu@psu.edu,1072.06,1177.39,803.23,162.73,1252.07,0.9185,0.1826
32,Neila,Badini,nbadiniv@artisteer.com,1671.53,4931.88,968.31,2378.21,1220.45,0.8491,0.0146
33,Kelcey,Longdon,klongdonw@nih.gov,10082.41,1115.33,,1742.58,48.48,0.2958,0.7415
34,Barrett,Bleasdale,bbleasdalex@1und1.de,7322.93,234.33,,645.03,1753.64,0.9874,0.1142
35,Terry,De Stoop,tdestoopy@google.com.br,1934.86,2229.72,2727.56,1710.3,450.25,0.1604,0.292
36,Ansley,Maric,amaricz@cpanel.net,4883.29,60.24,1491.69,900.99,1631.25,0.5087,0.0266
37,Wrennie,Mulvagh,wmulvagh10@sitemeter.com,,1728.37,2017.22,,1640.01,0.6071,
38,Tabby,Castellaccio,tcastellaccio11@vimeo.com,1260.13,4878.77,3340.95,531.2,688.31,0.9232,0.3333
39,Daniella,Byk,dbyk12@imgur.com,8552.07,3639.08,3290.27,491.69,1423.61,,0.4201
40,Stanislas,Macek,smacek13@bandcamp.com,6771.53,,825.79,1182.01,,0.8818,0.8188
41,Alta,Mattingley,amattingley14@uol.com.br,6489.4,2992.17,,2549.57,686.37,0.333,0.5922
42,Merralee,Conor,mconor15@mlb.com,5649.24,1435.83,,1745.55,1531.13,0.1675,0.4133
43,Kelsey,Quarterman,kquarterman16@last.fm,4559.24,4989.73,1543.67,373.74,1420.37,0.4029,0.9958
44,Elwyn,Village,evillage17@amazonaws.com,695.99,4498.99,3393.92,420.54,343.18,0.057,0.0233
45,Padget,Karolewski,pkarolewski18@unblog.fr,925.02,4537.23,3277.21,709.86,1666.13,0.8089,0.6403
46,Cassi,Dowderswell,cdowderswell19@multiply.com,5316.68,466.08,3678.2,199.0,1587.0,0.2127,0.0484
47,Dillie,Swayton,dswayton1a@cargocollective.com,5432.91,3259.73,,,1437.22,0.1777,
48,Martino,Spearing,mspearing1b@gizmodo.com,2791.16,98.1,3873.58,1931.78,1040.39,0.5862,0.5458
49,Jennette,Punyer,jpunyer1c@yolasite.com,7529.7,3319.32,1666.66,1361.62,1019.11,0.864,0.7851
50,Ivor,Blinckhorne,iblinckhorne1d@wix.com,10398.16,269.2,1713.65,533.19,403.31,0.875,0.1782
51,Willdon,Waldram,wwaldram1e@t.co,6939.57,841.98,1999.21,2137.07,375.1,0.3406,0.7706
52,Derron,Derkes,dderkes1f@google.es,11161.12,2793.45,1009.87,1164.49,1800.2,0.4123,0.9552
53,Creight,Allans,callans1g@cbslocal.com,4734.04,1827.48,1564.41,2006.21,134.71,0.149,0.3152
54,Brett,Fowle,bfowle1h@java.com,653.79,4373.53,1654.97,1175.23,1938.73,0.7279,0.3315
55,Dee,Martynikhin,dmartynikhin1i@nationalgeographic.com,9485.3,624.37,3129.74,1675.01,1136.91,0.4032,0.5003
56,Gustavus,Treend,gtreend1j@amazon.com,4628.68,566.62,1816.53,1399.82,959.27,0.1806,0.9035
57,Blondell,Zambon,bzambon1k@adobe.com,1706.98,4543.76,2430.29,,1209.47,0.7167,
58,Nicky,Godball,ngodball1l@t-online.de,,1336.52,3238.41,1103.08,1085.39,0.6639,0.3753
59,Giffie,Henderson,ghenderson1m@topsy.com,3746.11,1687.68,3994.23,25.94,1764.65,,0.0453
60,Herb,Aleavy,haleavy1n@theglobeandmail.com,10795.88,3867.45,3776.29,2712.25,61.43,0.9649,0.6238
61,Karney,Binny,kbinny1o@sogou.com,9518.93,2856.33,2397.67,1107.46,684.14,,0.8327
62,Aristotle,Fonquernie,afonquernie1p@digg.com,10549.04,4514.53,723.89,683.65,1696.05,0.1166,0.8118
63,Prudy,Rodrigo,prodrigo1q@vimeo.com,2579.45,2001.34,3915.4,1005.48,664.98,0.4834,0.609
64,Ardeen,Mantrip,amantrip1r@businesswire.com,4105.1,1851.72,3457.4,1715.93,163.82,0.2604,0.5974
65,Bobby,Hallard,bhallard1s@technorati.com,4984.57,4228.17,1861.81,851.86,425.82,0.2553,0.9103
66,Vaclav,McCanny,vmccanny1t@4shared.com,5534.87,2262.84,2772.73,2871.81,305.36,0.1951,0.2985
67,Shaylah,Peirazzi,speirazzi1u@csmonitor.com,1189.66,2389.37,2489.53,2651.45,1618.95,0.6944,0.7648
68,Starlin,Terram,sterram1v@liveinternet.ru,1302.3,4403.08,,208.69,1609.35,0.6184,0.2294
69,Ethelbert,Nichol,enichol1w@google.co.jp,8495.65,4816.82,3950.37,597.4,280.45,0.7568,0.3097
70,Morty,Fridd,mfridd1x@vinaora.com,6796.29,4434.87,130.75,2674.93,1195.83,0.8603,0.455
71,Gene,Pieterick,gpieterick1y@nhs.uk,4982.61,4812.14,3179.25,374.17,380.38,0.5818,0.722
72,Fredia,Atyeo,fatyeo1z@china.com.cn,4545.55,4593.11,784.0,2794.9,1141.44,0.6186,0.8945
73,Rhody,Rivel,rrivel20@wufoo.com,11150.49,4593.5,3526.82,1593.92,113.27,0.9066,0.3284
74,Gilberta,Eastman,geastman21@washington.edu,7284.69,1687.15,1757.25,171.21,914.59,0.3037,0.2495
75,Neilla,France,nfrance22@fda.gov,4251.61,4778.14,1263.18,2360.94,1110.65,0.6538,0.8274
76,Marketa,De Normanville,mdenormanville23@istockphoto.com,11320.54,4055.97,734.19,1625.26,1530.13,0.9324,0.8173
77,Gerick,Martijn,gmartijn24@fema.gov,2288.81,4323.15,521.62,1504.1,654.79,0.0056,0.4481
78,Hartwell,Rabbitts,hrabbitts25@livejournal.com,11952.58,188.14,2276.76,677.24,248.64,0.403,0.0927
79,Sibeal,Buswell,sbuswell26@clickbank.net,6627.75,4182.59,82.55,1877.49,1488.81,0.5158,0.9647
80,Alaric,Springford,aspringford27@yahoo.com,3795.2,318.07,1766.08,466.85,1240.27,0.5219,0.511
81,Axel,Petrowsky,apetrowsky28@jugem.jp,8257.01,428.67,2545.3,2391.68,1268.63,0.1003,0.1557
82,Desirae,De Giorgi,ddegiorgi29@nytimes.com,9126.92,2108.5,624.49,1867.77,1805.88,0.1442,0.248
83,Tobe,Lukes,tlukes2a@chicagotribune.com,7723.24,2520.5,1671.4,2780.75,268.57,0.4416,0.6159
84,Clary,Blacklawe,cblacklawe2b@unesco.org,11473.62,,1961.08,859.63,,0.068,0.1673
85,Emmanuel,MacCafferky,emaccafferky2c@aol.com,3545.49,4449.0,1439.36,264.4,1948.26,0.3173,0.7379
86,Talyah,Fulleylove,tfulleylove2d@mashable.com,2378.02,2145.86,,418.08,660.69,0.9929,0.8125
87,Chloe,Vedmore,cvedmore2e@smugmug.com,5292.62,696.27,1082.85,2452.93,1639.76,0.5594,0.1257
88,Maddalena,Kinkade,mkinkade2f@soup.io,1754.84,3494.68,1690.68,232.83,142.05,0.7251,0.1321
89,Wileen,Aukland,waukland2g@stanford.edu,3011.26,4512.79,2605.96,899.78,820.63,0.4494,0.2212
90,Willy,Simoncini,wsimoncini2h@cnet.com,11414.7,2881.15,1179.14,1030.7,1107.26,0.0039,0.7168
91,Theodor,Sloey,tsloey2i@jiathis.com,,334.6,344.21,230.87,353.84,0.3426,0.4057
92,Shayne,Jordi,sjordi2j@friendfeed.com,944.74,3597.64,3128.08,319.51,1003.88,0.8405,0.8533
93,Javier,Schwanden,jschwanden2k@bandcamp.com,4242.16,4604.69,1935.66,933.21,970.43,0.2893,0.2379
94,Goldi,Jersch,gjersch2l@time.com,1289.59,4572.86,2634.71,1667.19,1856.3,0.0003,0.7301
95,Mona,Tatchell,mtatchell2m@wp.com,1870.93,71.82,3027.44,205.46,1915.94,0.5271,0.4638
96,Alric,Sebley,asebley2n@typepad.com,10572.64,2277.94,1214.17,1478.42,1648.86,0.0769,0.0492
97,Vern,Theriot,vtheriot2o@oakley.com,2437.84,1723.12,3501.21,1895.38,1883.15,0.7124,0.095
98,Megen,MacPherson,mmacpherson2p@pen.io,8249.47,4867.12,1557.68,2142.15,891.73,,0.7579
99,Tanya,Sodor,tsodor2q@meetup.com,11309.38,1808.52,1608.76,29.95,109.38,0.5497,0.7457
100,Thomasina,Casado,tcasado2r@google.ru,1539.41,3780.79,3808.55,2401.31,288.89,0.9782,0.5726
101,Georgena,Whitehead,gwhitehead2s@nifty.com,7453.51,4455.3,2193.99,230.22,410.76,0.8204,0.9477
102,Kele,Laffoley-Lane,klaffoleylane2t@vkontakte.ru,283.76,2213.42,55.93,2290.33,1396.09,0.0665,0.3628
103,Nicolas,Bellini,nbellini2u@aboutads.info,9942.66,4081.07,2589.35,537.04,316.9,0.2003,0.7893
104,Dermot,Lynn,dlynn2v@bandcamp.com,6831.08,4309.85,2447.71,2791.86,985.81,0.1882,0.6503
105,Anderson,Abbati,aabbati2w@technorati.com,7697.1,1355.71,3374.51,1248.96,1768.76,0.2438,0.4438
106,Raviv,Stilly,rstilly2x@bloomberg.com,4929.72,273.37,,1618.33,1775.51,0.6092,0.9325
107,Damien,Braund,dbraund2y@yolasite.com,7105.4,1857.76,3076.8,1251.5,996.76,0.649,0.3055
108,Tamiko,Lamden,tlamden2z@myspace.com,8627.75,1660.96,,597.97,1068.08,0.8297,0.7978
109,Janessa,Vosse,jvosse30@1688.com,164.6,2042.02,653.36,1704.32,1202.01,0.758,0.1709
110,Lothario,BoHlingolsen,lbohlingolsen31@free.fr,5339.34,2801.93,1856.55,722.22,1700.67,0.7334,0.2584
111,Tiffany,Skala,tskala32@pagesperso-orange.fr,2082.74,2364.93,2463.51,1448.42,1749.33,0.0434,0.4351
112,Garrik,Thorald,gthorald33@geocities.com,10913.5,375.33,3976.46,447.38,1887.46,0.4673,0.0978
113,Eberhard,Entwisle,eentwisle34@unesco.org,1769.27,1334.55,309.12,1310.61,1312.02,0.9786,0.5395
114,Jocelyn,Knellen,jknellen35@purevolume.com,7040.1,2978.71,3975.9,2630.73,986.53,0.8396,0.8944
115,Bevan,Demangel,bdemangel36@phpbb.com,1176.62,4369.01,3263.42,1926.15,1355.36,0.3708,0.3692
116,Griselda,Griffith,ggriffith37@boston.com,2717.17,3526.91,1152.0,2347.16,920.71,0.9319,0.1755
117,Gwenora,Mitie,gmitie38@amazon.de,9659.74,2542.85,2460.1,1125.73,1317.05,0.3282,0.9261
118,Dedra,Batsford,dbatsford39@bbb.org,8744.24,3109.6,1771.42,2064.51,1008.31,0.8301,0.3908
119,Gare,Ilyinski,gilyinski3a@hhs.gov,7632.23,683.37,1864.08,902.71,371.9,0.954,0.0973
120,Ginnie,Shenton,gshenton3b@clickbank.net,3999.2,,678.39,2370.91,,0.3585,0.1353
121,Dee,Seagood,dseagood3c@dell.com,5066.47,4358.24,,1485.44,1466.71,0.0111,0.8778
122,Gregory,Comerford,gcomerford3d@ycombinator.com,2706.97,2463.98,2803.6,1803.59,889.9,0.4394,0.5581
123,Millie,Denyakin,mdenyakin3e@jugem.jp,4674.65,3819.85,1191.44,709.64,1178.69,0.9083,0.7733
124,Jeniffer,Blofeld,jblofeld3f@ask.com,10892.23,818.31,1000.64,2915.54,539.33,0.8592,0.8986
125,Fritz,Varney,fvarney3g@comsenz.com,747.64,,2370.51,2059.33,,0.4235,0.342
126,Leesa,Pechard,lpechard3h@ucoz.ru,4716.42,600.12,1636.61,601.46,716.85,0.7456,0.994
127,Ailina,Gadsdon,agadsdon3i@vistaprint.com,2967.42,655.01,1045.56,804.98,421.72,0.0372,0.1865
128,Andy,Roelofs,aroelofs3j@newyorker.com,7818.95,2175.64,540.1,2299.76,493.15,0.5372,0.2935
129,Booth,Stickings,bstickings3k@irs.gov,9628.28,2604.92,3045.11,2435.06,884.98,0.78,0.2465
130,Terrie,Renvoys,trenvoys3l@indiatimes.com,3434.64,,2729.86,2782.38,,0.1687,0.0134
131,Dannye,Hannam,dhannam3m@sogou.com,8245.31,2499.75,957.77,1665.74,527.06,0.2479,0.6914
132,Vanya,Roback,vroback3n@simplemachines.org,10849.36,,1545.69,2824.36,,,0.9981
133,Abdel,Graalman,agraalman3o@vinaora.com,3716.44,2302.01,2982.71,999.14,782.37,0.6935,0.5557
134,Jena,Lowndsbrough,jlowndsbrough3p@rakuten.co.jp,11601.84,3234.64,,1631.59,616.91,0.2825,0.1365
135,Fabe,Adlington,fadlington3q@europa.eu,4341.95,4701.88,1320.81,1107.27,1568.54,0.9641,0.7397
136,Kailey,Inchbald,kinchbald3r@cnn.com,8606.98,,2613.51,2134.67,,0.639,0.8071
137,Christean,Snashall,csnashall3s@tumblr.com,11625.09,4574.14,2706.58,421.23,125.85,0.6626,0.5542
138,Hazel,Simkiss,hsimkiss3t@unesco.org,5887.88,2397.03,877.98,2732.7,1891.31,,0.8551
139,Winne,Maudsley,wmaudsley3u@dot.gov,10427.14,3210.94,1742.81,2843.83,1640.55,0.415,0.9287
140,Calli,Siddele,csiddele3v@nydailynews.com,8229.3,3303.86,546.99,1296.04,1744.97,0.9733,0.8292
141,Charley,Turmall,cturmall3w@networksolutions.com,2855.6,,1452.77,567.0,,0.3825,0.8126
142,Atlanta,Gowan,agowan3x@house.gov,1555.26,2058.77,1681.12,1363.33,1904.37,0.5485,0.7365
143,Gabriell,MacCurtain,gmaccurtain3y@ameblo.jp,7672.94,2165.36,3018.23,761.13,728.1,0.1089,0.5162
144,Goldi,Muris,gmuris3z@naver.com,7595.72,2854.0,291.93,1921.22,1463.58,0.2319,0.8513
145,Elberta,Carey,ecarey40@slate.com,10400.24,3980.41,2928.24,650.2,86.37,0.5736,0.9922
146,Johnath,Hourihane,jhourihane41@wikispaces.com,3119.79,3312.18,962.05,1976.25,525.33,0.71,0.5016
147,Ardenia,Spiring,aspiring42@epa.gov,10988.34,3444.74,371.01,713.25,1769.98,0.5245,0.7103
148,Sena,Coppen,scoppen43@washington.edu,6678.76,713.87,2689.86,393.23,1485.05,0.3568,0.2413
149,Merrili,Becker,mbecker44@berkeley.edu,2925.24,4325.62,1934.81,2752.52,861.15,0.8235,0.3078
150,Blanche,Safont,bsafont45@ow.ly,8798.22,2845.03,1207.62,980.23,250.58,,0.2009
151,Cameron,Ortet,cortet46@timesonline.co.uk,5718.9,3747.55,1106.29,1882.53,587.55,0.6429,0.7616
152,Emmit,Thorp,ethorp47@nba.com,5092.55,4408.71,2698.87,697.38,803.93,0.8621,0.7052
153,Beret,Currier,bcurrier48@surveymonkey.com,6241.73,2785.4,183.36,2828.78,1441.38,0.1055,0.0191
154,Nelia,Baumler,nbaumler49@addtoany.com,3862.36,837.95,563.95,1411.44,448.16,0.1208,0.0847
155,Kalila,Munkley,kmunkley4a@moonfruit.com,3885.96,4514.54,2056.03,927.17,946.97,0.0331,0.0837
156,Katinka,Pods,kpods4b@nifty.com,8236.25,,3317.16,1652.72,,,0.3892
157,Anne,Webby,awebby4c@time.com,4842.05,772.9,2234.24,1764.14,414.66,0.4396,0.2428
158,Albie,Nassi,anassi4d@mail.ru,10745.07,,849.67,1918.25,,,0.2339
159,Jedidiah,Yakovliv,jyakovliv4e@opera.com,10146.1,3185.1,2344.26,114.46,790.29,0.082,0.6167
160,Gretel,Vonasek,gvonasek4f@state.tx.us,9987.07,1357.8,1192.47,669.72,1814.7,0.5685,0.5333
161,Wylma,Smitheram,wsmitheram4g@jimdo.com,5302.56,2954.25,308.98,2027.96,30.12,0.8398,0.2912
162,Irving,Cluff,icluff4h@nytimes.com,7920.26,4220.65,134.34,193.03,389.4,0.4738,0.8308
163,Marin,Castane,mcastane4i@ustream.tv,1776.54,3713.97,,1002.39,1894.6,0.9267,0.2228
164,Marne,Chrippes,mchrippes4j@google.com.br,5617.46,3487.26,3220.3,2853.31,220.98,0.7861,0.5296
165,Dietrich,O'Duggan,doduggan4k@ameblo.jp,7462.31,606.42,247.33,1166.05,1329.37,0.0855,0.6378
166,Nanice,Stockford,nstockford4l@bizjournals.com,967.99,3026.23,132.14,1454.26,1270.73,0.3233,0.5963
167,Tarrah,Varney,tvarney4m@github.io,8440.44,2332.78,3182.12,1261.24,495.59,0.2137,0.228
168,Wynnie,Brack,wbrack4n@japanpost.jp,10206.61,1335.97,1516.41,391.11,998.43,0.3807,0.8316
169,Ebonee,Sheen,esheen4o@stumbleupon.com,11197.2,3727.23,24.0,666.25,1295.66,0.3327,0.2341
170,Arda,Alexsandrev,aalexsandrev4p@xing.com,10529.54,2167.93,691.58,1929.75,12.25,0.7425,0.4081
171,Alaster,Jeschner,ajeschner4q@unesco.org,10467.15,2532.0,75.01,1161.91,720.26,0.6787,0.1396
172,Christoph,Worboys,cworboys4r@mlb.com,334.75,2414.37,2501.63,1159.64,1252.34,0.2148,0.0177
173,Arlina,FitzGilbert,afitzgilbert4s@surveymonkey.com,3556.83,1618.06,1069.13,1440.48,168.85,,0.3625
174,Rutledge,Ebbett,rebbett4t@deviantart.com,287.44,4727.34,3832.06,1677.69,553.88,,0.9928
175,Moyra,Lyver,mlyver4u@odnoklassniki.ru,8349.39,418.75,1341.97,2247.09,632.42,0.7716,0.9595
176,Codi,Harlett,charlett4v@privacy.gov.au,8771.67,2928.65,2757.29,1213.41,1086.44,0.2893,0.0635
177,Milzie,Mahy,mmahy4w@bizjournals.com,641.74,919.21,438.37,2655.23,1470.74,0.4503,0.3613
178,Farleigh,Anthes,fanthes4x@google.it,11226.45,427.11,1149.3,2039.87,1771.66,0.4132,0.3232
179,Gaye,Boocock,gboocock4y@deviantart.com,11990.53,4084.73,276.15,1490.02,29.72,0.7953,0.1824
180,Rufe,Tommen,rtommen4z@canalblog.com,2431.65,2724.86,585.3,2242.86,41.09,0.4236,0.8504
181,Dre,McCathie,dmccathie50@sciencedaily.com,9479.43,879.28,3280.9,1547.27,1233.29,0.0304,0.1091
182,Sandro,Farlam,sfarlam51@lycos.com,2316.94,4747.54,14.0,102.78,797.97,0.9814,0.3247
183,Merline,Busst,mbusst52@squarespace.com,2980.8,1493.78,3211.65,1830.23,211.79,0.9512,0.7961
184,Nerissa,Creeboe,ncreeboe53@devhub.com,6497.4,1557.9,1255.85,1827.92,1845.61,0.9163,0.3634
185,Lucila,Chatband,lchatband54@yellowbook.com,9324.07,4065.77,3921.28,52.89,1715.71,0.1376,0.0271
186,Kati,Nelligan,knelligan55@i2i.jp,2059.99,4731.29,2651.63,,49.06,0.3024,
187,Henrik,Songer,hsonger56@mapy.cz,544.21,3786.74,1192.17,191.04,1001.76,0.1942,0.0035
188,Junie,Acedo,jacedo57@vistaprint.com,9604.23,2163.52,3372.14,2837.68,1128.24,0.311,0.7964
189,Hildegaard,Feacham,hfeacham58@hud.gov,5732.41,4692.51,281.39,,1294.08,0.3054,
190,Johannah,Leppard,jleppard59@bandcamp.com,7216.09,4672.54,1522.36,824.46,664.85,0.3035,0.6544
191,Corella,Tulleth,ctulleth5a@umn.edu,11551.48,2288.11,1666.97,375.04,1889.02,0.1559,0.5225
192,Deina,Bolingbroke,dbolingbroke5b@intel.com,11196.66,4848.49,1943.62,2491.47,1916.65,0.0891,0.1429
193,Row,Turmell,rturmell5c@state.tx.us,6810.02,2987.36,3444.07,717.84,177.93,0.4349,0.1578
194,Sinclair,Ridel,sridel5d@t-online.de,4799.39,1439.3,2895.95,210.44,391.85,0.6734,0.6968
195,Gerri,Davydychev,gdavydychev5e@nature.com,5082.21,539.66,726.79,1451.92,574.18,0.5989,0.4878
196,Granthem,Arkle,garkle5f@addthis.com,242.71,2057.8,2960.2,2428.14,225.72,0.4634,0.9001
197,Valentia,Swainger,vswainger5g@merriam-webster.com,955.37,1269.01,790.39,2774.36,1927.05,0.1906,0.2172
198,Fair,Norrey,fnorrey5h@istockphoto.com,10889.89,3102.78,184.11,54.6,1302.15,0.4242,0.679
199,Alleen,Spearett,aspearett5i@discuz.net,9086.18,4123.18,1023.96,1819.79,984.92,0.8174,0.0694
200,Toby,Lapthorne,tlapthorne5j@nhs.uk,383.64,2941.97,429.87,2000.52,556.27,0.7415,0.7902
201,Engelbert,Annetts,eannetts5k@google.ca,9104.17,3173.7,238.98,1097.66,93.61,0.0797,0.5048
202,Letta,Randal,lrandal5l@alibaba.com,10580.98,2009.12,3059.29,2245.87,1829.98,0.2857,0.0932
203,Liane,Phidgin,lphidgin5m@jalbum.net,7027.88,2165.67,3453.26,2721.87,1015.04,0.4885,0.2445
204,Odette,Rubroe,orubroe5n@vimeo.com,5405.06,515.2,,863.09,837.73,0.4512,0.632
205,Darbie,Carlson,dcarlson5o@bbb.org,873.13,930.88,,2910.79,503.81,0.587,0.0965
206,Dyan,Knowlson,dknowlson5p@nyu.edu,2018.81,4489.31,1585.57,1831.97,967.31,0.5188,0.774
207,Giorgi,Jacquemet,gjacquemet5q@youtube.com,5868.03,81.84,,2863.98,1930.06,0.3361,0.6891
208,Lazar,Cozby,lcozby5r@theglobeandmail.com,3701.17,3944.77,655.47,1722.75,274.27,0.0484,0.6342
209,Trula,Pigeon,tpigeon5s@meetup.com,601.85,92.61,387.62,2129.06,378.03,0.0767,0.5034
210,Sharai,Meiklem,smeiklem5t@house.gov,4341.84,2103.25,1084.55,162.94,1016.49,0.925,0.1025
211,Gibbie,Meininger,gmeininger5u@tinypic.com,2272.11,35.96,833.68,2261.51,843.67,0.949,0.6273
212,Zerk,Sommerville,zsommerville5v@storify.com,11359.47,3256.13,2367.03,545.0,379.23,0.1703,0.1101
213,Stuart,Theobald,stheobald5w@trellian.com,10769.07,2496.27,826.24,1945.05,1297.21,0.1409,0.0894
214,Amory,Stranger,astranger5x@freewebs.com,6752.48,3198.78,3755.42,1140.46,311.5,0.8302,0.046
215,Siobhan,Redferne,sredferne5y@timesonline.co.uk,8283.76,4967.24,1122.4,2010.69,1113.69,0.0001,0.593
216,Sapphira,Springle,sspringle5z@hostgator.com,761.37,762.92,,2739.75,1609.48,0.1171,0.2152
217,Honoria,Landers,hlanders60@dmoz.org,,1617.72,1330.42,1366.95,23.12,0.6602,0.0342
218,Charil,Keogh,ckeogh61@tinypic.com,11990.9,3009.49,1255.07,502.06,1987.43,0.3327,0.6178
219,Britt,Pursey,bpursey62@ezinearticles.com,2799.09,3771.76,302.88,1060.97,1395.1,0.4784,0.917
220,Malchy,Crix,mcrix63@wix.com,2273.21,3263.09,2231.08,1836.68,1159.28,0.5999,0.8089
221,Christye,Ert,cert64@europa.eu,3273.53,,2972.76,1441.71,,0.588,0.9762
222,Jefferson,Joderli,jjoderli65@washingtonpost.com,2505.97,807.91,1628.51,445.44,1562.28,0.0338,0.9454
223,Ewan,Lamberteschi,elamberteschi66@statcounter.com,7760.96,981.25,165.66,527.69,623.71,0.217,0.5463
224,Tommie,Gorsse,tgorsse67@sina.com.cn,5052.46,2129.6,3667.85,1634.56,1184.81,0.9412,0.8325
225,Phillip,Gleed,pgleed68@amazon.com,11270.36,3684.13,552.78,1649.66,1252.9,0.8649,0.777
226,Aubert,Billingham,abillingham69@newyorker.com,9370.98,4524.05,2628.09,1180.96,1533.66,0.9742,0.4552
227,Dorolisa,Queripel,dqueripel6a@printfriendly.com,9928.13,3840.25,1835.41,878.51,155.8,0.2301,0.9336
228,Romeo,Monteath,rmonteath6b@com.com,557.57,131.85,2629.85,102.88,1515.38,0.5096,0.0325
229,Blinny,Fontes,bfontes6c@indiatimes.com,2697.62,,1773.38,2838.14,,,0.7735
230,Chrissy,Somes,csomes6d@japanpost.jp,10332.04,657.54,1916.33,,988.65,0.7161,
231,Robers,Budnk,rbudnk6e@china.com.cn,1666.6,2561.84,430.62,786.7,476.99,0.5097,0.8626
232,Asher,Exter,aexter6f@dion.ne.jp,9814.52,130.56,2741.67,1384.21,1164.59,0.9743,0.2332
233,Willa,Coe,wcoe6g@chronoengine.com,5224.3,1.34,447.33,,331.09,0.8616,
234,Wendie,Farens,wfarens6h@redcross.org,2603.61,4993.01,167.29,1565.07,996.07,0.65,0.5373
235,Even,Monery,emonery6i@tamu.edu,2879.0,4818.76,350.72,1959.36,1132.54,0.042,0.461
236,Elizabeth,Ibbott,eibbott6j@spiegel.de,1079.97,2539.91,1304.8,,366.52,0.7843,
237,Dean,Vallis,dvallis6k@theglobeandmail.com,3130.9,1406.35,1033.93,1371.71,152.07,0.9971,0.4494
238,Leicester,Ende,lende6l@example.com,2550.83,426.65,2498.45,1401.45,376.55,0.1489,0.51
239,Buck,Vasyukhin,bvasyukhin6m@nature.com,7489.33,2319.14,2224.29,2967.52,231.34,0.6283,0.4373
240,Klemens,Turtle,kturtle6n@weibo.com,9780.42,4330.01,1447.15,1791.3,1397.42,0.8584,0.8082
241,Kariotta,Lowcock,klowcock6o@blinklist.com,5000.57,3339.92,1715.41,13.9,1338.35,0.8426,0.5662
242,Riobard,Shawdforth,rshawdforth6p@paypal.com,3083.6,1166.88,3801.72,1383.13,445.08,0.7846,0.2545
243,Arlene,Zanicchi,azanicchi6q@bizjournals.com,6842.23,725.39,3040.68,2993.02,1597.6,0.289,0.3695
244,Odilia,Curd,ocurd6r@cdc.gov,2628.2,1411.04,3239.65,1478.81,1215.53,0.011,0.97
245,Shoshanna,Klejin,sklejin6s@meetup.com,5126.15,3075.59,3060.87,2377.23,165.7,0.3262,0.8108
246,Timmy,Takis,ttakis6t@miibeian.gov.cn,9766.54,2458.16,366.4,726.65,1456.26,0.6427,0.6386
247,Dre,Albrooke,dalbrooke6u@hp.com,4186.98,396.87,3113.79,602.36,780.03,0.7572,0.3304
248,Cobb,Tamblingson,ctamblingson6v@woothemes.com,7820.63,4769.03,156.11,672.68,949.28,0.0191,0.9474
249,Chicky,Christoforou,cchristoforou6w@google.fr,3899.35,1280.74,3689.71,2879.45,1722.13,0.312,0.3094
250,Maitilde,Barbery,mbarbery6x@flavors.me,,3922.23,3442.21,86.04,1800.56,0.6054,0.5106
251,Goldina,Toby,gtoby6y@google.de,6662.24,2219.58,1834.66,1610.17,14.18,0.038,0.9374
252,Sibylla,Hovy,shovy6z@state.tx.us,4542.46,4320.77,582.93,1403.09,1202.84,0.3893,0.4069
253,Hi,Ahlf,hahlf70@webmd.com,10867.33,3301.47,1170.7,1572.21,1361.97,0.3573,0.714
254,Harp,Sherborn,hsherborn71@skype.com,6026.42,3438.61,3898.73,11.59,1247.35,0.752,0.5887
255,Beatrix,Sullly,bsullly72@1und1.de,11999.6,,2362.78,2441.07,,0.1084,0.8538
256,Chelsae,Muggeridge,cmuggeridge73@unicef.org,716.0,537.01,2563.44,16.46,194.76,0.6801,0.3883
257,Wait,Wraith,wwraith74@diigo.com,6385.84,2200.34,2835.5,1897.33,570.72,0.7774,0.5892
258,Rudy,Stores,rstores75@sourceforge.net,10855.84,3223.29,2568.4,2565.28,15.26,0.6727,0.0837
259,Bendite,Canceller,bcanceller76@disqus.com,8837.96,1559.08,927.83,1651.81,1390.97,0.1194,0.5652
260,Ambros,Roberts,aroberts77@ehow.com,3121.02,2430.84,,1232.33,223.14,0.3303,0.4902
261,Scotty,Raiman,sraiman78@yahoo.co.jp,5989.91,4049.31,3898.91,2319.77,475.81,0.1913,0.0172
262,Colman,Girard,cgirard79@irs.gov,10472.73,,2441.13,275.75,,0.6027,0.5057
263,Joby,Prine,jprine7a@wp.com,8919.31,243.01,3857.98,1154.21,1352.48,0.359,0.5425
264,Bernhard,Wiggett,bwiggett7b@unblog.fr,3043.41,837.68,1569.04,963.91,1609.67,0.5275,0.3308
265,Demetris,Lindfors,dlindfors7c@aboutads.info,8917.99,714.85,613.11,1562.77,1508.95,0.8845,0.2298
266,Briant,Kedie,bkedie7d@123-reg.co.uk,9129.49,2936.73,1117.85,2955.6,678.67,0.289,0.3558
267,Suellen,Lowdyane,slowdyane7e@edublogs.org,668.28,3300.03,2027.47,1708.1,1831.81,0.6201,0.5306
268,Batholomew,Queripel,bqueripel7f@123-reg.co.uk,1733.51,2230.04,1572.95,1049.75,863.25,0.0148,0.7503
269,Tiffany,Bassill,tbassill7g@wired.com,98.52,1366.1,943.84,1239.76,1464.0,0.26,0.5549
270,Barris,Dommerque,bdommerque7h@nydailynews.com,3385.04,4621.95,2904.02,377.81,1962.41,,0.087
271,Greer,Arbon,garbon7i@upenn.edu,3694.83,3931.5,1557.31,1398.71,990.55,0.1628,0.8414
272,Garwin,Wank,gwank7j@utexas.edu,,4056.07,3103.87,1839.89,692.41,0.365,0.2109
273,Ketti,Thwaite,kthwaite7k@cbsnews.com,5246.91,,441.81,2551.55,,0.2895,0.949
274,Cchaddie,Matzen,cmatzen7l@parallels.com,3597.46,4172.78,3213.16,423.08,784.36,0.8939,0.0587
275,Robbyn,Espinosa,respinosa7m@hubpages.com,4257.63,1461.48,2043.88,2676.35,105.26,0.1258,0.6188
276,Radcliffe,Deacon,rdeacon7n@freewebs.com,6655.64,,3378.77,,,0.657,
277,Brooks,Gallahue,bgallahue7o@indiatimes.com,1350.78,2181.05,2716.74,106.64,668.4,0.7087,0.5204
278,Flint,Sanney,fsanney7p@ihg.com,3474.07,826.69,199.16,,1009.67,0.0225,
279,Nevil,Southorn,nsouthorn7q@topsy.com,6384.29,2358.26,2469.59,2297.02,1386.07,0.0532,0.151
280,Mandel,Exer,mexer7r@histats.com,3584.1,829.39,2507.78,1481.21,578.84,0.6288,0.4037
281,Amalea,Clilverd,aclilverd7s@nba.com,4530.38,261.65,1291.56,1866.85,1062.8,0.3505,0.1451
282,Grazia,Riches,griches7t@nifty.com,3176.11,999.05,2868.75,400.25,1030.88,0.3679,0.5936
283,Naoma,Fragino,nfragino7u@nytimes.com,312.51,861.61,2166.39,435.64,1412.45,0.247,0.2499
284,Nertie,Briskey,nbriskey7v@bloomberg.com,4904.5,2971.71,3713.34,958.66,1124.85,0.3516,0.1894
285,Kathi,O'Downe,kodowne7w@prnewswire.com,7410.97,369.47,3449.75,2983.64,1473.64,0.9979,0.7141
286,Lelia,Brigden,lbrigden7x@yale.edu,1190.34,4070.63,1614.65,2148.37,1119.09,0.758,0.0138
287,Dixie,Duchesne,dduchesne7y@mashable.com,1163.68,,1772.46,1790.69,,0.1083,0.4948
288,Cynde,Alger,calger7z@joomla.org,4519.02,1647.31,250.61,1867.54,1275.31,0.6325,0.98
289,Thomasin,Lamberteschi,tlamberteschi80@twitter.com,6398.58,3333.97,1234.72,1286.51,436.32,0.0429,0.4073
290,Candis,Braham,cbraham81@usnews.com,2715.95,402.12,1002.58,1914.55,373.73,0.714,0.0131
291,Averil,Dolbey,adolbey82@umich.edu,419.61,1349.9,3848.65,1341.34,1685.33,0.1617,0.5137
292,Brandon,Alessandrini,balessandrini83@slashdot.org,1467.04,4778.27,1445.76,1613.28,1802.85,0.8663,0.9769
293,Ambrose,Biernacki,abiernacki84@wisc.edu,1089.86,302.05,1696.41,24.07,998.81,0.8235,0.0086
294,Meaghan,Normaville,mnormaville85@bloglovin.com,3102.51,3971.83,3762.22,401.84,228.35,0.7972,0.0233
295,Ava,Attenbrow,aattenbrow86@tuttocitta.it,2556.37,822.44,112.28,532.47,1876.67,,0.5443
296,Diego,Elcum,delcum87@miibeian.gov.cn,10332.65,2188.07,1777.53,,1845.8,0.2296,
297,Joete,Hexum,jhexum88@soup.io,6690.1,74.99,,166.63,739.97,0.5219,0.7514
298,Kristos,Cordon,kcordon89@google.de,2469.46,2058.13,1107.97,300.34,333.19,0.2318,0.1089
299,Rainer,Corrin,rcorrin8a@soundcloud.com,5262.15,,,1388.46,,0.0897,0.45
300,Ezmeralda,Rhodef,erhodef8b@scribd.com,8213.81,4598.94,3352.3,158.54,1774.53,0.1385,0.188
301,Ashlen,Loveredge,aloveredge8c@salon.com,10332.77,3733.73,2641.76,844.22,1144.73,0.689,0.2937
302,Niki,Wherry,nwherry8d@mapy.cz,2547.87,230.8,,1743.68,1514.61,0.0355,0.6528
303,Raye,Heatley,rheatley8e@unesco.org,2104.2,4769.65,2611.46,2114.74,728.29,0.9063,0.0172
304,Janifer,Grimmett,jgrimmett8f@redcross.org,2461.77,1282.52,2233.93,2250.06,1914.02,0.2912,0.4185
305,Ruby,Shinfield,rshinfield8g@walmart.com,423.43,104.72,,774.69,1195.29,0.2739,0.7681
306,Mel,Oneile,moneile8h@yellowbook.com,3005.26,3170.8,1316.5,1002.16,1279.15,0.4817,0.6377
307,Matilde,Krochmann,mkrochmann8i@patch.com,5504.5,1881.64,758.23,933.79,1092.06,0.6168,0.6096
308,Mendel,Dearsley,mdearsley8j@cbslocal.com,1200.03,291.78,2305.03,1918.32,1016.56,0.2983,0.1297
309,Napoleon,Pley,npley8k@skyrock.com,9566.19,2173.08,2446.27,1469.38,19.53,0.8487,0.0849
310,Gustavus,Slides,gslides8l@ed.gov,1740.5,546.79,2880.98,1534.77,1801.7,0.5424,0.4235
311,Dorian,Heinonen,dheinonen8m@phpbb.com,3949.88,151.96,1467.06,159.06,1115.09,0.7482,0.3831
312,Marji,Lindenblatt,mlindenblatt8n@feedburner.com,2649.82,4801.83,1020.05,756.61,1265.99,0.1008,0.583
313,Cosmo,Pickerin,cpickerin8o@creativecommons.org,,2332.58,3915.88,,1874.98,0.1861,
314,Maridel,Broomhall,mbroomhall8p@joomla.org,5117.69,2516.37,2693.99,1087.18,850.17,0.3542,0.2111
315,Nicolette,O'Nolan,nonolan8q@hubpages.com,8722.69,2712.42,2723.74,2889.28,1627.45,0.7383,0.371
316,Lane,Honeywood,lhoneywood8r@netscape.com,9747.4,4230.81,945.6,1043.97,1894.99,0.7985,0.5304
317,Mahalia,Rachuig,mrachuig8s@histats.com,5998.86,1413.27,2495.05,1818.09,374.87,0.6652,0.1506
318,Patrizia,Armall,parmall8t@com.com,3044.09,4256.43,1249.73,998.8,1999.42,0.5276,0.0871
319,Raffaello,Blucher,rblucher8u@unicef.org,10930.15,3506.08,3356.94,2508.83,1929.96,0.9721,0.9544
320,Seymour,Older,solder8v@bloomberg.com,7855.72,,573.11,1667.08,,0.8475,0.934
321,Teddi,Lornsen,tlornsen8w@jimdo.com,2800.23,4916.71,2385.3,1663.07,887.54,0.6129,0.2366
322,Derrek,Lloyds,dlloyds8x@dailymail.co.uk,8290.01,3688.93,1109.77,540.39,1115.0,0.9306,0.6257
323,Marty,Glossop,mglossop8y@eepurl.com,3293.16,1014.87,3430.34,367.97,1637.78,0.7445,0.6499
324,Victoir,Lorraine,vlorraine8z@edublogs.org,11656.08,1811.43,136.42,620.87,44.73,0.72,0.5551
325,Francisco,Ivannikov,fivannikov90@ucla.edu,1910.47,367.74,1167.24,,1847.72,0.6216,
326,Dolly,Rangall,drangall91@nps.gov,4255.4,3029.63,3889.11,2849.78,1432.47,,0.2722
327,Piotr,Toolan,ptoolan92@scribd.com,8229.26,4720.9,2531.38,1502.87,33.83,0.2137,0.5471
328,Euphemia,Worland,eworland93@unc.edu,653.04,2783.22,1453.83,1587.79,423.03,0.1278,0.0116
329,Ramsay,Comusso,rcomusso94@google.com.br,9237.09,1269.39,3810.26,1480.4,1155.61,0.7143,0.0307
330,Kimbra,Sherrott,ksherrott95@parallels.com,2302.99,2415.2,2778.61,2877.92,1460.01,0.2903,0.545
331,Brigg,Ghelardi,bghelardi96@w3.org,3150.98,650.82,1017.69,2548.27,1722.47,0.4769,0.359
332,Ira,Rollinshaw,irollinshaw97@chron.com,8013.04,745.64,788.48,300.1,1414.75,0.6663,0.4642
333,Morena,Figurski,mfigurski98@guardian.co.uk,,104.14,1078.33,1456.34,1405.01,0.762,0.5219
334,Zia,Whitecross,zwhitecross99@narod.ru,8445.76,3046.1,64.9,1552.71,1707.37,0.2998,0.0728
335,Devon,Screase,dscrease9a@histats.com,8284.68,3412.36,3.12,691.71,576.75,0.866,0.956
336,Martha,Colombier,mcolombier9b@example.com,5961.45,1718.85,1414.53,2123.78,1297.01,0.2728,0.7209
337,Cloe,Nalder,cnalder9c@e-recht24.de,553.59,4364.01,749.59,918.52,587.39,0.3666,0.0142
338,Ilyssa,Basten,ibasten9d@google.ru,2717.67,1337.65,1479.55,1612.53,1668.75,0.3159,0.5705
339,Antonie,Chance,achance9e@sogou.com,4903.34,3497.07,3954.36,2546.1,1603.6,0.0169,0.5557
340,Mahalia,Yakovich,myakovich9f@nsw.gov.au,5029.45,4041.9,2414.47,889.41,256.45,0.536,0.814
341,Ashlee,Panniers,apanniers9g@histats.com,4000.64,3169.85,851.88,795.95,655.13,0.9035,0.2533
342,Charlene,Seadon,cseadon9h@unicef.org,9411.4,3438.55,1461.69,1453.52,1668.56,,0.0866
343,Archibaldo,Crighton,acrighton9i@theglobeandmail.com,8728.57,3375.82,2742.78,1563.04,984.96,0.7911,0.6717
344,Pace,Cobb,pcobb9j@telegraph.co.uk,504.69,982.52,3534.88,82.51,1112.86,0.5065,0.8113
345,Doralynn,Claussen,dclaussen9k@istockphoto.com,4403.1,1445.49,419.88,,1231.12,0.2564,
346,Lenka,Pershouse,lpershouse9l@dropbox.com,552.39,1141.49,1835.51,683.15,1335.05,0.8102,0.6006
347,Ofella,Ghent,oghent9m@netlog.com,5092.51,3959.54,747.93,903.22,479.7,0.6834,0.4795
348,Leandra,Southwick,lsouthwick9n@soup.io,5607.33,1208.03,3167.3,1212.53,1070.5,0.5779,0.9176
349,Ernestus,Howieson,ehowieson9o@51.la,8426.37,,2979.13,2956.11,,0.9171,0.656
350,Alvera,Giffin,agiffin9p@behance.net,1413.67,981.01,2318.98,2127.45,351.61,0.6158,0.5216
351,Carlynn,Olech,colech9q@e-recht24.de,236.92,2688.0,3819.08,1670.99,515.43,0.3046,0.5386
352,Lazare,Jamson,ljamson9r@surveymonkey.com,3889.35,2772.79,1354.46,932.63,824.97,0.5084,0.2965
353,Raffaello,Riddle,rriddle9s@twitpic.com,11423.38,1977.52,3173.63,,1444.67,0.4786,
354,Horton,Fitzgerald,hfitzgerald9t@mtv.com,1393.62,4217.67,307.34,,341.39,0.4466,
355,Ingeberg,Grimditch,igrimditch9u@washingtonpost.com,3327.74,1007.88,2826.98,28.67,1417.69,0.8392,0.2262
356,Weston,O'Collopy,wocollopy9v@hibu.com,4997.47,2218.05,2344.69,2146.84,529.02,0.4647,0.4509
357,Jess,Goodridge,jgoodridge9w@paginegialle.it,4393.17,1085.18,,771.62,196.65,0.8724,0.0874
358,Ruth,Lishmund,rlishmund9x@tamu.edu,119.15,2324.21,,773.04,961.71,0.7973,0.04
359,Etty,Pyott,epyott9y@lulu.com,1962.71,4636.67,939.38,991.4,72.17,0.5686,0.4623
360,Chadd,Stamper,cstamper9z@fda.gov,1596.55,2638.07,2712.05,2884.84,185.39,0.413,0.3311
361,Corene,Eam,ceama0@mapy.cz,2882.78,2977.64,876.21,1477.39,346.32,0.2795,0.0084
362,Jenine,Duchesne,jduchesnea1@redcross.org,10897.52,871.04,3893.45,1300.74,1553.14,0.3916,0.0051
363,Kali,De-Ville,kdevillea2@mail.ru,1558.28,3875.86,1774.06,1383.25,1225.68,0.1189,0.6037
364,Vaughan,Hubach,vhubacha3@miibeian.gov.cn,8570.88,3039.85,1785.65,2758.57,1665.69,0.7353,0.6823
365,Antonius,Olivera,aoliveraa4@google.de,8339.86,1517.43,286.44,1268.67,1016.06,0.1508,0.58
366,Eleonora,Gilhooly,egilhoolya5@discuz.net,6963.53,1900.98,2747.31,83.59,1849.31,0.1419,0.0298
367,Johannah,McMarquis,jmcmarquisa6@biblegateway.com,149.4,1614.46,1516.07,1044.97,222.74,,0.7215
368,Quinn,Yesinin,qyesinina7@freewebs.com,9384.07,1721.36,1300.97,1488.34,1318.44,0.9631,0.2617
369,Tessa,Hurdis,thurdisa8@timesonline.co.uk,3310.93,3446.75,3452.92,1760.88,1221.8,0.1451,0.1336
370,Madlin,Thacke,mthackea9@reuters.com,8821.39,1736.29,1176.01,2134.37,340.67,0.8054,0.5637
371,Fawnia,Clemont,fclemontaa@nsw.gov.au,8822.92,,2339.85,1124.38,,0.0773,0.3659
372,Koenraad,Swansborough,kswansboroughab@hubpages.com,330.0,1388.99,3819.93,1822.99,957.32,0.2356,0.3034
373,Germain,Costen,gcostenac@ehow.com,10895.69,2132.27,3139.3,826.44,1503.6,0.422,0.9193
374,Andrey,Gascoigne,agascoignead@stanford.edu,6634.34,912.91,967.12,1031.14,1265.7,0.421,0.1442
375,Ced,Quant,cquantae@is.gd,6874.98,128.93,837.52,2393.73,1109.53,0.8846,0.7066
376,Byrann,Vasiliev,bvasilievaf@ca.gov,315.75,3634.99,2270.95,1563.81,56.52,0.9457,0.4265
377,Marcelline,Gilmour,mgilmourag@go.com,6015.8,521.06,1917.5,,1558.1,0.0327,
378,Tarrah,Bendel,tbendelah@sina.com.cn,346.82,3704.25,,1516.51,968.78,0.0265,0.3199
379,Staffard,Sewill,ssewillai@independent.co.uk,8449.54,2711.57,539.65,,950.54,0.6837,
380,Mallissa,Osgerby,mosgerbyaj@loc.gov,5174.74,134.15,3829.82,1577.61,1623.6,0.8377,0.0178
381,Horatio,Kopisch,hkopischak@barnesandnoble.com,1440.83,1706.96,806.65,2922.82,324.78,0.8229,0.4649
382,Adi,Capinetti,acapinettial@irs.gov,1788.24,1190.71,,806.73,614.54,,0.3008
383,Lloyd,Bedome,lbedomeam@slashdot.org,3462.12,2943.51,1011.63,29.44,835.34,0.8066,0.2729
384,Linell,Merfin,lmerfinan@epa.gov,8893.31,4048.62,2621.3,2222.88,46.02,0.267,0.5581
385,Andy,MacKartan,amackartanao@netvibes.com,9844.8,2835.25,2432.58,2616.72,1566.4,0.3606,0.1982
386,Deonne,MacGillreich,dmacgillreichap@whitehouse.gov,1506.1,1771.71,1997.83,438.83,898.94,0.3316,0.1295
387,Sholom,Stuchburie,sstuchburieaq@ibm.com,2716.58,336.83,,329.04,1573.2,0.7809,0.2673
388,Margarethe,Stedell,mstedellar@china.com.cn,4461.83,3870.73,2500.95,2958.43,1375.97,,0.199
389,Ellary,Gillespie,egillespieas@huffingtonpost.com,9843.33,239.79,2682.87,103.69,1481.43,,0.9238
390,Grata,Covil,gcovilat@so-net.ne.jp,1193.38,2077.6,946.43,1840.53,1037.59,0.974,0.1375
391,Danya,Cone,dconeau@storify.com,3465.94,4239.03,3727.53,2579.6,564.6,0.4577,0.9629
392,Hillyer,Belchambers,hbelchambersav@example.com,11282.06,2824.3,2124.83,1665.99,7.34,0.8191,0.5855
393,Eileen,Mabbe,emabbeaw@jimdo.com,2973.37,1399.43,2643.9,139.44,1598.83,0.0071,0.4775
394,Toiboid,Matiashvili,tmatiashviliax@youtube.com,11553.99,926.33,801.34,541.08,668.79,0.0446,0.1246
395,Benito,Blaydon,bblaydonay@japanpost.jp,6361.97,565.53,1644.85,1732.64,1116.5,0.8893,0.4519
396,Trudi,Dipple,tdippleaz@wisc.edu,11282.85,3465.71,1735.01,2827.06,307.91,0.7293,0.0333
397,Mildrid,Gumey,mgumeyb0@imdb.com,5254.31,2397.91,2463.02,2054.06,321.37,0.5955,0.2986
398,Harli,Clowney,hclowneyb1@topsy.com,3798.9,1008.31,1048.87,2414.5,1722.18,0.237,0.7107
399,Blayne,Andrasch,bandraschb2@printfriendly.com,,2547.62,712.56,2035.75,1305.26,0.4742,0.0234
400,Fairleigh,Crawley,fcrawleyb3@yellowbook.com,7278.57,3557.05,2230.21,1476.62,1571.83,0.761,0.4509
401,Hyacinth,Webster,hwebsterb4@amazon.co.uk,1751.72,3776.3,2807.94,1543.54,1701.05,0.4689,0.6616
402,Peria,Frew,pfrewb5@imageshack.us,6657.62,2027.11,713.37,1421.91,1071.14,0.6236,0.3141
403,Victoria,Rizziello,vrizziellob6@clickbank.net,6871.11,4173.0,2346.41,250.66,264.73,0.56,0.7908
404,Tyne,Menauteau,tmenauteaub7@umn.edu,7416.84,565.17,3816.32,,1882.54,0.1707,
405,Tobit,Spuner,tspunerb8@blogtalkradio.com,8991.35,3639.74,3920.81,2463.7,1229.87,0.1024,0.353
406,Patrick,Filippucci,pfilippuccib9@shop-pro.jp,4072.56,4547.4,,1837.44,1209.76,0.1331,0.4224
407,Ernie,Commings,ecommingsba@comcast.net,10584.7,2137.84,941.98,428.7,1156.66,0.8628,0.9857
408,Reynard,De Haven,rdehavenbb@barnesandnoble.com,7912.23,4664.54,2354.55,2781.7,1643.07,0.8061,0.6015
409,Ondrea,Maddyson,omaddysonbc@va.gov,8543.08,2537.67,2359.34,1169.23,412.71,0.4494,0.0495
410,Dyanna,Hartzog,dhartzogbd@google.com.au,6656.27,1571.74,2682.77,680.14,1312.26,0.8075,0.3563
411,Jedd,Scouse,jscousebe@github.io,9714.33,614.68,2756.84,227.21,909.73,0.619,0.0503
412,Gibbie,Rhys,grhysbf@google.pl,5151.08,1593.29,3560.42,2118.39,1474.89,0.7189,0.1804
413,Jeannette,Wyllcocks,jwyllcocksbg@reverbnation.com,118.98,355.6,3603.85,1962.96,1813.16,0.3735,0.5774
414,Blanca,Twyning,btwyningbh@hhs.gov,2697.8,513.76,,238.12,795.08,0.6102,0.6397
415,Billie,Terzi,bterzibi@biglobe.ne.jp,8544.79,390.76,2909.41,1972.76,1797.73,0.16,0.9766
416,Marys,Geggie,mgeggiebj@joomla.org,7533.41,1244.12,3990.0,2742.66,1089.42,0.723,0.3108
417,Ashlan,O'Hanlon,aohanlonbk@cafepress.com,1904.48,4387.89,1467.99,664.8,736.22,0.5553,0.731
418,Caryn,Putterill,cputterillbl@bbc.co.uk,10185.11,3372.82,3964.97,404.34,1593.07,0.8984,0.1157
419,Nessy,Minot,nminotbm@house.gov,,4822.54,2734.92,187.43,1286.34,0.7121,0.3194
420,Jorrie,Gawthrope,jgawthropebn@reddit.com,8759.28,2102.36,2626.96,28.66,1971.74,0.9509,0.4305
421,Jade,Millen,jmillenbo@tinyurl.com,648.39,3313.66,2629.77,2516.29,1115.46,0.276,0.927
422,Kristina,Steedman,ksteedmanbp@miibeian.gov.cn,6155.3,,593.57,2883.96,,0.9525,0.8233
423,Gusta,Keigher,gkeigherbq@icq.com,4283.0,4078.88,2731.34,2122.15,279.54,0.9381,0.3386
424,Filia,Shoulder,fshoulderbr@cnn.com,10261.2,894.63,1497.76,2692.57,1951.96,0.5508,0.4451
425,Clyde,Stathor,cstathorbs@hao123.com,,4412.01,,2393.17,973.2,0.991,0.1647
426,Ulrica,Kamall,ukamallbt@vimeo.com,6577.07,2780.29,2127.96,2775.7,1587.25,0.7914,0.5239
427,Terrie,Horder,thorderbu@bing.com,4008.53,724.99,686.16,1683.7,1909.69,0.242,0.7978
428,Emmie,Marusik,emarusikbv@flavors.me,99.9,1231.34,,,1004.84,0.8138,
429,Friederike,Snellman,fsnellmanbw@mlb.com,2033.7,2696.67,2424.53,1015.68,1998.51,0.3344,0.5196
430,Cammy,Kosiada,ckosiadabx@cbslocal.com,7620.36,3103.55,2948.91,2192.32,615.64,0.4928,0.8371
431,Zora,Conrad,zconradby@google.it,2995.97,,280.7,1972.36,,0.2549,0.9451
432,Cathie,Cuttelar,ccuttelarbz@mail.ru,5202.97,1448.19,153.29,1813.87,1104.92,0.3748,0.838
433,Jill,Tupie,jtupiec0@paypal.com,3861.14,,1861.37,47.58,,0.5251,0.3478
434,Nicolis,Copner,ncopnerc1@furl.net,6334.66,3601.02,,475.71,685.73,0.7052,0.4155
435,Nariko,Glencrosche,nglencroschec2@theglobeandmail.com,5950.15,1304.76,1225.42,60.76,1474.8,0.9726,0.8454
436,Malchy,Corbould,mcorbouldc3@privacy.gov.au,5974.57,2841.09,2601.62,652.49,501.03,0.6142,0.758
437,Missy,Bungey,mbungeyc4@cocolog-nifty.com,,3212.42,2399.56,1923.45,110.92,0.811,0.0437
438,Karlan,Gorriessen,kgorriessenc5@cloudflare.com,,,1042.98,2271.56,,0.4444,0.7616
439,Judy,Robiot,jrobiotc6@dmoz.org,72.59,4013.03,2397.0,2592.83,1948.44,0.4783,0.6622
440,Tades,Gorthy,tgorthyc7@mtv.com,2941.18,3951.89,1380.38,1841.28,1263.35,0.2341,0.8114
441,Emlyn,Kuhn,ekuhnc8@scribd.com,10904.67,298.16,3059.66,1132.72,108.0,,0.2876
442,Rawley,Blampy,rblampyc9@dyndns.org,11157.11,4325.75,3358.05,2122.34,1959.23,0.9021,0.6992
443,Elisha,Thresh,ethreshca@tumblr.com,6876.01,4631.67,3017.8,1470.7,1182.37,0.8608,0.8963
444,Lucilia,Ingall,lingallcb@ed.gov,7165.62,,3914.29,2739.67,,,0.5367
445,Nikos,Loweth,nlowethcc@webeden.co.uk,6546.58,1249.76,2652.98,2605.67,205.98,0.7867,0.6921
446,Howie,Corrin,hcorrincd@ning.com,5871.25,1808.93,452.4,2422.95,674.26,0.534,0.1088
447,Misha,Coffelt,mcoffeltce@scientificamerican.com,6233.6,4484.86,2522.87,236.73,1408.23,0.4515,0.8929
448,Brenden,Bonavia,bbonaviacf@opera.com,10827.7,1659.36,,2023.01,734.3,0.6385,0.5185
449,Adina,Blaxeland,ablaxelandcg@va.gov,9472.47,2433.26,289.41,2593.21,1796.11,0.4711,0.6777
450,Dorree,Laverty,dlavertych@ow.ly,6800.49,3664.15,1052.79,6.21,1253.13,0.5608,0.8079
451,Bella,Zuanelli,bzuanellici@ocn.ne.jp,3670.38,1788.51,3952.41,2341.28,730.2,0.567,0.0702
452,Kara,Lansdown,klansdowncj@webeden.co.uk,11100.17,3885.4,1655.22,318.46,1378.82,0.9644,0.7409
453,Persis,Lubbock,plubbockck@cargocollective.com,8664.93,1946.33,3163.56,1200.59,1839.76,0.1872,0.1904
454,Joletta,Potten,jpottencl@hugedomains.com,9084.0,1926.24,2444.38,2388.15,1342.38,0.9651,0.4468
455,Veronica,Orbell,vorbellcm@hibu.com,5250.44,1923.11,1012.32,107.79,746.1,0.3729,0.6428
456,Claudie,Perot,cperotcn@i2i.jp,4712.06,749.53,608.57,2961.27,332.93,0.8581,0.757
457,Renie,Selley,rselleyco@stumbleupon.com,9760.55,2275.82,1290.23,9.83,1674.24,0.2064,0.0891
458,Zach,Torrisi,ztorrisicp@issuu.com,3026.19,3826.71,1571.48,,1171.53,0.7782,
459,Maurizio,Reekie,mreekiecq@psu.edu,9184.94,293.78,1090.79,724.95,1053.86,0.6076,0.4284
460,Sibbie,Enevoldsen,senevoldsencr@biglobe.ne.jp,2975.67,1907.34,522.87,1493.3,812.18,0.934,0.9173
461,Cristina,Taplow,ctaplowcs@twitter.com,3683.54,1580.56,79.44,382.11,640.44,0.8725,0.2804
462,Hunt,Danielou,hdanielouct@netscape.com,6702.66,2673.7,3648.58,1624.34,210.25,0.7551,0.6441
463,Carlynn,Linforth,clinforthcu@europa.eu,425.39,1848.73,,909.84,1206.54,0.0391,0.7347
464,Ailee,Esby,aesbycv@goodreads.com,4789.12,861.75,233.64,2174.7,979.57,0.1113,0.624
465,Jocelyne,Lie,jliecw@oaic.gov.au,11235.18,1874.89,590.35,2854.89,1686.84,0.929,0.3599
466,Bevin,Bauser,bbausercx@va.gov,10305.63,2572.99,,2255.44,654.47,0.2285,0.497
467,Loralyn,Brearty,lbreartycy@barnesandnoble.com,11968.85,4857.83,1550.42,830.03,116.3,0.4048,0.1782
468,Durward,Wernher,dwernhercz@weibo.com,2586.61,3025.04,1659.69,1732.29,140.64,0.9134,0.3347
469,Rita,Lambertini,rlambertinid0@mac.com,9570.42,4920.48,1373.39,,662.2,0.1075,
470,Andras,Aspy,aaspyd1@ebay.co.uk,6788.04,631.68,2469.02,2473.88,136.87,0.4319,0.1248
471,Caldwell,Gilstoun,cgilstound2@fastcompany.com,9802.03,2650.83,61.64,603.57,272.49,0.2785,0.5077
472,Lora,Dacks,ldacksd3@paginegialle.it,,4003.99,2421.54,1187.18,35.82,0.0162,0.3343
473,Paxton,Brinkley,pbrinkleyd4@sciencedirect.com,1865.93,3713.08,3323.88,376.66,234.67,0.4114,0.788
474,Laughton,Farlam,lfarlamd5@cbsnews.com,7811.43,503.34,744.54,,323.96,0.4954,
475,Nata,Aleksandrev,naleksandrevd6@buzzfeed.com,8810.5,2328.36,2042.29,2795.04,1682.3,0.7209,0.249
476,Denna,McIlhone,dmcilhoned7@umn.edu,3910.9,259.21,898.08,2286.22,1103.65,0.5619,0.4423
477,Donaugh,Hurlestone,dhurlestoned8@sohu.com,3341.25,1807.79,1163.94,1064.81,1903.31,0.2634,0.8968
478,Marylinda,Iban,miband9@fotki.com,1473.98,1569.4,3634.55,1667.65,56.05,0.3661,0.5248
479,Ardenia,Dimmer,adimmerda@timesonline.co.uk,3516.36,1309.31,51.88,2314.0,126.7,0.7059,0.213
480,Tabbatha,Arnely,tarnelydb@wufoo.com,9732.04,492.45,795.9,449.65,562.13,0.551,0.9191
481,Kriste,MacGibbon,kmacgibbondc@icio.us,1827.78,210.24,1335.86,1179.62,1536.2,0.8538,0.6647
482,Marys,Arnault,marnaultdd@nature.com,11630.78,696.19,2364.89,1114.32,1082.65,0.2994,0.5257
483,Sheffy,Keyson,skeysonde@oracle.com,10548.26,1290.41,1686.07,1397.63,1401.92,0.9349,0.659
484,Marthe,Pickersgill,mpickersgilldf@ucoz.com,1799.96,2315.91,3731.16,2417.26,375.71,0.7333,0.8827
485,Barbabas,Dumbare,bdumbaredg@de.vu,,4045.38,524.69,1795.45,932.85,0.0351,0.4799
486,Gustaf,Granger,ggrangerdh@jugem.jp,2601.39,773.29,1524.13,1777.5,1899.13,0.2174,0.3044
487,Ericka,Heine,eheinedi@github.io,4089.78,3376.17,3042.2,747.7,893.13,0.5036,0.5663
488,Stephie,Le Monnier,slemonnierdj@harvard.edu,4949.11,3043.6,2093.02,2418.07,500.05,0.17,0.3145
489,Borg,Twitty,btwittydk@unesco.org,10885.59,2865.68,3203.38,1020.13,1964.14,0.9204,0.5004
490,Anny,Connold,aconnolddl@indiatimes.com,10356.54,1776.85,171.08,396.57,1964.27,0.4486,0.8073
491,Jock,Paton,jpatondm@stanford.edu,9501.72,1772.07,1315.02,1938.97,802.43,0.9369,0.4173
492,Travers,Legrand,tlegranddn@theatlantic.com,9830.71,2223.77,2370.19,1137.53,1119.13,,0.3456
493,Abbie,Kopps,akoppsdo@jugem.jp,6847.34,3377.41,793.47,2375.72,393.54,0.083,0.5133
494,Claretta,Leavold,cleavolddp@wikia.com,8540.01,1090.54,3990.31,1997.08,1570.31,0.1652,0.635
495,Ennis,Petken,epetkendq@icq.com,9072.79,2457.67,1576.71,1538.22,1890.13,0.2252,0.3974
496,Dulcinea,Mowsdell,dmowsdelldr@imdb.com,2557.03,922.44,708.46,2766.11,170.82,0.5737,0.3443
497,Heywood,Chong,hchongds@loc.gov,2266.29,1702.26,3255.14,942.89,107.21,0.5093,0.8594
498,Nelson,Bonus,nbonusdt@icio.us,5155.94,4882.21,192.43,243.9,712.05,0.2816,0.7246
499,Ortensia,M'Chirrie,omchirriedu@addthis.com,1351.09,3512.76,,1487.21,1398.31,0.9991,0.8555
500,Duncan,Dunkinson,ddunkinsondv@mayoclinic.com,1595.84,466.27,1235.94,1787.93,1883.94,0.5746,0.5438
501,Creigh,MacConnal,cmacconnaldw@posterous.com,6677.56,4043.01,1606.23,752.62,189.81,0.7122,0.3704
502,Kelbee,Gudd,kgudddx@xinhuanet.com,8909.31,,3533.5,770.07,,0.6818,0.0295
503,Jere,Rosenfield,jrosenfielddy@merriam-webster.com,5503.74,289.57,2595.82,2212.17,958.03,0.8569,0.546
504,Morissa,Nurny,mnurnydz@businessweek.com,414.09,1932.43,1840.35,429.61,1454.17,0.7796,0.1487
505,Mathew,Lochrie,mlochriee0@twitter.com,2265.14,1963.92,1402.71,280.34,1111.49,0.959,0.4557
506,Mina,Rolling,mrollinge1@ifeng.com,10269.91,2054.71,2615.1,1991.8,1181.05,0.3787,0.9145
507,Heath,Arlott,harlotte2@e-recht24.de,,1999.05,1836.34,390.18,1218.49,0.8582,0.8677
508,Saunder,Brine,sbrinee3@goo.gl,5835.79,251.34,2854.0,1123.11,1069.62,0.7681,0.2276
509,Clerkclaude,Bastick,cbasticke4@statcounter.com,5636.88,3671.75,2896.53,1457.89,1240.35,,0.8813
510,Sada,Bleckly,sblecklye5@harvard.edu,4835.7,1074.77,3109.41,688.56,1704.96,0.6251,0.0001
511,Elden,Yukhnevich,eyukhneviche6@t-online.de,11479.73,83.76,1351.6,1291.13,1060.62,0.2444,0.3326
512,Jillie,Tinghill,jtinghille7@sciencedaily.com,2610.37,3438.75,3744.11,1638.06,1428.95,0.2169,0.0458
513,Kendall,Whorf,kwhorfe8@gnu.org,695.01,4008.96,2240.94,1866.83,759.71,0.8132,0.8959
514,Zandra,Southall,zsouthalle9@tinyurl.com,4648.2,219.13,761.67,2001.5,1603.75,0.5749,0.5708
515,Georgeanne,Clingan,gclinganea@creativecommons.org,1044.22,,1594.32,,,0.615,
516,Therese,Towne,ttowneeb@imageshack.us,11706.43,4701.43,,1056.03,1245.38,0.5908,0.3074
517,Drona,Rolfo,drolfoec@pen.io,8803.44,1403.84,,1620.21,493.53,0.5751,0.2185
518,Sandy,Covely,scovelyed@mayoclinic.com,1084.69,381.33,451.99,1741.85,1145.57,0.9315,0.4774
519,Dulsea,Wadforth,dwadforthee@google.com.hk,10815.31,4458.98,908.49,1293.57,1345.78,0.1384,0.9908
520,Allister,Pascall,apascallef@sakura.ne.jp,18.02,2883.31,235.69,2631.48,1689.06,0.5762,0.6595
521,Bard,Simko,bsimkoeg@sfgate.com,10087.24,700.81,969.48,2119.96,490.5,,0.1176
522,Hermie,Trubshawe,htrubshaweeh@miibeian.gov.cn,7653.08,3236.54,1830.04,353.3,664.45,0.3473,0.1061
523,Courtney,Clucas,cclucasei@deliciousdays.com,8970.83,381.57,1123.51,31.31,936.21,0.4954,0.7724
524,Amory,Lightowlers,alightowlersej@va.gov,8056.82,,780.85,,,0.2063,
525,Sibley,Whisson,swhissonek@tiny.cc,1456.26,3834.66,1133.06,2175.45,1821.76,,0.447
526,Reamonn,Gresswell,rgresswellel@berkeley.edu,2524.87,,3595.07,2985.01,,0.0564,0.4836
527,Nerissa,Glanton,nglantonem@yelp.com,5670.95,1345.91,3800.75,1966.73,1396.49,0.3986,0.9169
528,Harli,Jzak,hjzaken@cornell.edu,189.26,554.14,918.45,238.7,199.03,0.8088,0.175
529,Iggy,Stede,istedeeo@pen.io,179.59,2805.39,1920.96,1614.52,476.96,0.9366,0.0329
530,Norris,Beak,nbeakep@xrea.com,8732.5,745.15,1698.66,1105.77,1269.08,,0.8699
531,Boyd,Ipsgrave,bipsgraveeq@springer.com,7576.15,2393.24,3321.66,1655.22,596.87,0.103,0.3602
532,Junia,Bold,jbolder@buzzfeed.com,941.01,355.55,956.5,2976.01,767.29,0.5104,0.1949
533,Hynda,Deluce,hdelucees@tinypic.com,778.99,3140.6,2293.62,2455.36,1877.67,0.9054,0.6688
534,Sarita,Bleaden,sbleadenet@alexa.com,6609.39,2710.51,1098.55,1568.11,113.34,0.5429,0.4659
535,Florella,Brittin,fbrittineu@ycombinator.com,,1758.61,401.08,108.42,1653.58,0.7516,0.3513
536,Kakalina,Cooch,kcoochev@hexun.com,834.79,4160.32,938.82,1997.36,708.75,0.5007,0.6613
537,Miner,Perring,mperringew@springer.com,1470.64,3996.32,3179.73,434.77,427.27,0.2873,0.6622
538,Aeriell,Verlander,averlanderex@upenn.edu,7972.05,688.6,2005.33,193.07,1769.86,0.8243,0.1701
539,Billie,Gueste,bguesteey@multiply.com,2423.51,3052.47,1177.22,998.51,1497.11,0.887,0.8119
540,Vincenty,Hannen,vhannenez@devhub.com,6887.5,1573.22,509.63,2371.2,363.69,0.8737,0.1245
541,Courtnay,Cartmill,ccartmillf0@cnbc.com,10059.05,1224.69,641.63,1685.44,1296.61,0.2769,0.7553
542,Barbra,Nanninini,bnannininif1@addthis.com,4252.86,1136.67,1241.87,2941.56,1745.6,0.0196,0.1854
543,Garald,Dossit,gdossitf2@patch.com,2723.29,2957.35,323.12,779.91,1418.29,0.8118,0.7859
544,Selena,Armatys,sarmatysf3@ibm.com,1214.3,1235.87,839.59,2668.04,467.3,0.2175,0.8876
545,Xenos,Assel,xasself4@yahoo.co.jp,6211.74,1694.08,3778.39,2346.25,990.04,0.6146,0.9321
546,Analiese,Hooke,ahookef5@chron.com,5902.89,,3854.75,2027.59,,0.1179,0.0406
547,Arlina,La Wille,alawillef6@1688.com,9359.33,4922.82,660.96,565.5,1839.02,0.3767,0.1314
548,Avril,MacCostye,amaccostyef7@163.com,4594.36,2295.56,1693.88,951.07,984.49,0.867,0.8098
549,Jessie,Rosina,jrosinaf8@hud.gov,9432.64,3971.42,2114.01,2729.46,763.13,0.2447,0.0627
550,Brande,Menichi,bmenichif9@digg.com,10198.73,2978.93,3792.19,2615.43,1404.43,0.441,0.1665
551,Stearne,Netherwood,snetherwoodfa@cornell.edu,9793.0,,756.29,2636.94,,0.2574,0.9847
552,Clifford,Overil,coverilfb@msu.edu,7678.21,1428.74,3764.6,,204.2,0.1552,
553,Mikel,Hebbes,mhebbesfc@ft.com,7039.19,702.69,268.68,826.5,932.56,0.376,0.949
554,Gerard,Osan,gosanfd@cloudflare.com,32.02,,3114.01,2649.44,,0.5989,0.5847
555,Adara,Swyn,aswynfe@seesaa.net,5880.85,3637.33,225.82,149.51,649.48,0.0875,0.3048
556,Ariel,Tubbles,atubblesff@europa.eu,3150.0,986.99,2690.86,2278.8,1263.57,0.943,0.0145
557,Lisbeth,Jirusek,ljirusekfg@myspace.com,9573.4,2626.38,1848.67,2138.17,1852.04,0.192,0.9083
558,Rori,Ketteridge,rketteridgefh@java.com,5260.31,4306.59,318.51,2776.26,643.88,0.4003,0.7827
559,Noell,Grigolon,ngrigolonfi@usgs.gov,11312.37,4333.29,2852.59,2053.34,1914.97,,0.4698
560,Colby,Bound,cboundfj@sbwire.com,8512.91,2290.29,2501.09,,242.81,,
561,Cally,Frangione,cfrangionefk@delicious.com,8849.77,3919.84,3874.18,2674.76,1694.2,0.6409,0.9194
562,Daron,Shears,dshearsfl@so-net.ne.jp,9184.43,,787.05,880.9,,0.3809,0.3942
563,Kathryn,Hutchison,khutchisonfm@baidu.com,11434.07,2636.32,2933.06,1163.36,641.28,0.6031,0.1814
564,Nero,Lidster,nlidsterfn@home.pl,11217.59,165.38,2071.41,2715.83,1629.24,0.5577,0.7418
565,Dinnie,Kibble,dkibblefo@jimdo.com,8533.1,1011.8,696.17,1458.98,1826.91,0.4174,0.5216
566,Jonah,Price,jpricefp@typepad.com,11541.35,2176.64,833.89,83.93,472.65,0.8962,0.5101
567,Erastus,Kerans,ekeransfq@deviantart.com,614.08,3929.04,2709.17,1676.81,414.02,0.7049,0.4738
568,Lissi,Clayton,lclaytonfr@cyberchimps.com,1243.99,334.18,3587.78,508.89,569.67,0.0127,0.496
569,Neysa,Leeds,nleedsfs@dropbox.com,,148.7,3286.3,1262.71,977.09,0.4026,0.4984
570,Cleve,Gornal,cgornalft@i2i.jp,1604.96,4750.05,2304.79,2303.26,265.2,0.6107,0.2452
571,Evangelina,Norrington,enorringtonfu@omniture.com,3695.34,3671.1,590.53,474.55,1148.93,0.024,0.0705
572,Berthe,Nourse,bnoursefv@elegantthemes.com,5487.75,3623.04,575.39,2765.49,1473.13,0.6622,0.4976
573,Daryl,Brandham,dbrandhamfw@hhs.gov,9026.07,3913.61,3781.66,2499.67,858.06,0.4455,0.4106
574,Cristine,Glazier,cglazierfx@instagram.com,11659.83,991.26,2395.9,2578.48,614.09,0.1154,0.0482
575,Sharon,Ungerechts,sungerechtsfy@homestead.com,7402.49,536.27,2692.86,2629.81,862.26,0.6801,0.5328
576,Clarine,Casford,ccasfordfz@nytimes.com,1949.09,3371.35,1600.68,2886.34,1708.11,0.3668,0.1191
577,Collette,Cottey,ccotteyg0@hexun.com,5074.62,1238.95,2680.02,2994.7,1759.67,0.2324,0.4425
578,Marcos,Ditts,mdittsg1@smugmug.com,776.96,1500.27,2018.3,321.17,43.59,,0.1424
579,Claudetta,Ciccoloi,cciccoloig2@businessweek.com,10686.82,1259.53,2673.18,2031.06,1741.17,0.5593,0.676
580,Amberly,Batchelder,abatchelderg3@ftc.gov,2224.96,4473.47,1574.5,1706.13,716.68,0.6319,0.4118
581,Shalom,Blastock,sblastockg4@flickr.com,9826.04,3758.09,1577.66,2514.51,81.92,0.4856,0.7063
582,Mag,Pimlott,mpimlottg5@t-online.de,2703.69,4699.23,298.03,1044.3,184.18,0.7696,0.5434
583,Joye,Feuell,jfeuellg6@parallels.com,3836.82,380.11,1335.72,1341.17,121.23,0.4328,0.0371
584,Corliss,McGinny,cmcginnyg7@facebook.com,4802.68,1802.68,786.39,,986.63,0.0111,
585,Rosella,Gout,rgoutg8@macromedia.com,8912.29,1303.56,1037.28,114.71,1367.53,0.9948,0.8756
586,Alis,Grieves,agrievesg9@senate.gov,715.89,2364.88,3564.73,191.23,1636.93,0.4192,0.7422
587,Cherrita,Newcome,cnewcomega@comcast.net,8695.59,3352.66,2492.81,135.36,1019.22,0.0514,0.6196
588,Aeriela,Pennells,apennellsgb@zdnet.com,1405.54,,3780.12,2154.22,,0.2214,0.4797
589,Wendeline,Hofler,whoflergc@si.edu,1867.66,2506.35,2325.15,1941.34,1436.25,,0.2012
590,Dannye,Greir,dgreirgd@slideshare.net,9310.22,,,171.91,,,0.2937
591,Inness,Pirolini,ipirolinige@gov.uk,16.15,926.49,,2183.09,673.99,0.0842,0.1384
592,Gayleen,Mattingley,gmattingleygf@furl.net,3795.36,2522.67,1115.55,273.65,381.23,0.5125,0.5334
593,Abran,Barthram,abarthramgg@weibo.com,4904.63,1633.14,744.97,1247.71,1891.45,0.6612,0.86
594,Fleurette,Wingfield,fwingfieldgh@princeton.edu,11597.99,421.86,1746.5,2389.27,992.11,0.7441,0.2649
595,Kim,Linnit,klinnitgi@google.pl,9821.68,4793.33,997.05,1595.44,159.68,0.231,0.1649
596,Perla,Geraud,pgeraudgj@trellian.com,10094.23,4769.72,3856.78,879.95,82.97,0.8191,0.6293
597,Pepillo,Spink,pspinkgk@amazonaws.com,826.43,3223.15,2781.24,1490.68,1815.04,0.1276,0.5223
598,Vita,Garbott,vgarbottgl@godaddy.com,6192.09,854.68,1141.2,,1789.26,0.0101,
599,Garvey,Tirrey,gtirreygm@mapy.cz,4311.82,4669.95,1519.12,2337.96,650.95,0.317,0.3626
600,Roxine,Whicher,rwhichergn@mayoclinic.com,3409.59,3258.66,3976.99,,1982.8,0.7409,
601,Berna,Ponting,bpontinggo@tinyurl.com,9075.64,4444.9,1886.71,328.82,697.64,0.0982,0.5403
602,Elinor,Stammler,estammlergp@spiegel.de,3258.41,3442.6,3243.45,735.57,559.64,0.4367,0.1416
603,Dell,Yearn,dyearngq@paypal.com,10682.09,764.81,2158.54,2577.25,861.37,0.4716,0.8222
604,Pepi,Careless,pcarelessgr@nydailynews.com,778.24,808.24,987.83,2004.55,668.55,0.8125,0.5896
605,Willy,Lockyear,wlockyeargs@example.com,781.69,279.17,1246.28,2231.45,873.59,0.2251,0.4276
606,Ruy,Vigietti,rvigiettigt@facebook.com,9092.22,1888.43,,2600.0,1517.54,,0.3675
607,Kinna,Vankin,kvankingu@mashable.com,3235.92,1746.77,864.78,2284.75,1083.3,0.1651,0.3856
608,Ortensia,Dowe,odowegv@seesaa.net,6416.23,817.93,1908.45,1785.57,474.97,0.1659,0.5273
609,Jami,Smissen,jsmissengw@godaddy.com,7979.45,1454.65,328.14,2481.43,459.5,0.6794,0.5507
610,Blancha,Bardey,bbardeygx@imageshack.us,11051.57,4728.31,2839.34,1459.72,798.92,0.2966,0.9056
611,Lindi,Curnucke,lcurnuckegy@japanpost.jp,8014.3,3669.97,2640.53,1105.24,91.19,0.0001,0.9393
612,Blithe,Ottee,botteegz@google.pl,4424.06,42.16,32.25,2157.09,1627.98,0.0392,0.9356
613,Brod,Borthram,bborthramh0@cocolog-nifty.com,6306.51,318.92,2798.19,1988.77,1726.88,0.1217,0.5737
614,Derrek,Haskew,dhaskewh1@bloglines.com,10683.31,370.07,3074.11,322.79,949.94,0.3132,0.6395
615,Maggi,Manshaw,mmanshawh2@paypal.com,7375.62,,1065.17,,,0.8876,
616,Costanza,Sails,csailsh3@wordpress.org,364.62,2337.71,2681.05,122.78,692.16,0.5105,0.085
617,Shannen,Nibloe,snibloeh4@yellowpages.com,2915.69,2671.12,3536.88,1460.73,1198.12,0.1601,0.0594
618,Bryant,Ellingham,bellinghamh5@pcworld.com,10816.09,3169.36,2502.94,1540.03,636.83,0.0299,0.317
619,Hermann,Wyles,hwylesh6@foxnews.com,7895.68,2527.44,,2869.03,1085.71,0.1959,0.8567
620,Gaby,McCoveney,gmccoveneyh7@phpbb.com,3769.98,3624.91,510.06,8.81,1121.29,0.3261,0.6339
621,Coriss,Fitzer,cfitzerh8@statcounter.com,7031.72,2564.16,1750.09,1059.89,1921.4,0.8486,0.4849
622,Morie,Fitchett,mfitchetth9@yahoo.com,,1628.35,667.62,2652.49,1221.25,0.1945,0.781
623,Massimiliano,Drife,mdrifeha@narod.ru,3472.0,981.19,2161.48,2675.33,1304.49,0.19,0.8675
624,Caitlin,Beadman,cbeadmanhb@yale.edu,468.68,3418.41,3485.53,2207.89,461.42,0.2919,0.3722
625,Bibi,Ickovici,bickovicihc@mashable.com,1696.69,3106.15,1113.64,,937.91,0.4788,
626,Hubey,Minchenton,hminchentonhd@boston.com,10499.35,420.03,1004.73,2372.13,1444.95,,0.9974
627,Orrin,Brimfield,obrimfieldhe@nymag.com,354.13,3136.92,305.34,2030.23,324.64,0.0623,0.8375
628,Jordan,Addy,jaddyhf@pcworld.com,8451.83,2958.32,3337.54,1973.59,1835.17,0.8155,0.4796
629,Zsa zsa,Lesper,zlesperhg@indiatimes.com,679.57,2227.55,2264.17,203.62,1342.6,0.692,0.7981
630,Peter,Manuel,pmanuelhh@icio.us,4229.84,819.51,3834.68,1758.26,1713.06,0.9692,0.8462
631,Tilda,Garrad,tgarradhi@homestead.com,3607.99,2581.25,2170.8,1447.73,267.78,0.6713,0.065
632,Rock,Knibbs,rknibbshj@nymag.com,11401.08,1555.72,2363.46,1023.25,225.34,0.5765,0.0064
633,Cristobal,Jeffress,cjeffresshk@scientificamerican.com,2760.22,1950.68,3548.72,2603.74,267.5,0.6383,0.3665
634,Rea,Cockin,rcockinhl@w3.org,8445.49,2151.34,237.95,145.48,72.18,0.0995,0.9826
635,Terrie,Flawith,tflawithhm@bandcamp.com,11768.56,2787.43,3607.75,272.94,1734.27,0.4115,0.1509
636,Krystle,Pursey,kpurseyhn@lulu.com,202.62,3682.78,1542.03,1611.58,25.57,0.4317,0.3606
637,Karine,Lozano,klozanoho@typepad.com,4641.6,494.1,523.46,1645.45,1149.89,0.7442,0.4141
638,Karney,Fancy,kfancyhp@goo.gl,2486.47,4873.25,1040.9,2193.75,1883.52,0.8747,0.5041
639,Elfie,Sineath,esineathhq@ucla.edu,6590.79,4896.71,1762.57,1588.67,1462.61,0.0035,0.7218
640,Emmott,Bouldstridge,ebouldstridgehr@auda.org.au,2258.51,2623.04,3793.16,2147.16,1876.16,0.0544,0.9128
641,Ingmar,Russ,irusshs@xing.com,8118.14,,743.25,2883.97,,0.3002,0.6901
642,Harmony,Rennix,hrennixht@nps.gov,2238.43,2881.45,3383.23,2732.49,1122.93,0.9007,0.5114
643,Ring,Wloch,rwlochhu@smugmug.com,2181.17,1815.89,2129.18,2757.79,181.61,0.585,0.414
644,Tobey,Matthewes,tmattheweshv@shinystat.com,11761.0,1279.59,549.86,564.01,1778.38,0.0051,0.8524
645,Lucienne,Filkin,lfilkinhw@thetimes.co.uk,2810.46,947.11,1828.96,2774.31,1423.64,,0.9638
646,Zulema,Langeley,zlangeleyhx@fastcompany.com,7259.23,760.67,1324.85,274.09,260.92,0.8683,0.2483
647,Creight,Dillimore,cdillimorehy@dropbox.com,4344.91,3226.29,1122.89,151.09,693.11,0.6022,0.35
648,Wilow,Ventam,wventamhz@eventbrite.com,9559.13,250.0,2795.43,721.25,421.58,0.7315,0.5895
649,Alayne,McChesney,amcchesneyi0@photobucket.com,1717.8,4108.78,169.81,,20.57,0.9117,
650,Pauly,Ambroisin,pambroisini1@independent.co.uk,8852.26,2834.06,,1009.15,621.74,0.8669,0.1744
651,Edouard,McAlindon,emcalindoni2@walmart.com,3614.82,2320.3,,1309.18,1040.57,0.8353,0.4359
652,Irma,MacDowall,imacdowalli3@chron.com,10348.72,3808.62,3899.66,1329.0,1759.18,0.3972,0.846
653,Gail,ducarme,gducarmei4@harvard.edu,3396.19,4908.51,2263.09,587.27,312.57,0.6986,0.8804
654,Paxon,Lamdin,plamdini5@dot.gov,1164.66,2821.85,1420.05,2701.18,1586.11,0.1074,0.4399
655,Isabelle,Ecclestone,iecclestonei6@friendfeed.com,4682.89,2411.51,119.23,2382.4,804.11,0.4351,0.3444
656,Rosalyn,Schuler,rschuleri7@narod.ru,3280.0,2768.57,910.92,74.74,567.81,0.3159,0.5348
657,Hakim,Brolly,hbrollyi8@ca.gov,9648.09,1593.01,805.31,,1945.48,0.2372,
658,Bruis,Bruyet,bbruyeti9@live.com,3092.98,1209.22,1331.66,1157.86,1788.55,0.1267,0.9604
659,Alexio,Lynch,alynchia@webs.com,2844.35,3141.23,20.91,1127.59,456.45,0.751,0.1366
660,Tremain,Worters,twortersib@yandex.ru,1878.83,2871.11,2439.19,577.56,1442.1,0.7556,0.8762
661,Raphaela,Hannabuss,rhannabussic@economist.com,526.17,668.18,3627.97,421.43,1780.88,,0.641
662,Merilyn,Quinnette,mquinnetteid@g.co,1667.46,884.01,1440.64,2.88,456.08,,0.5386
663,Elna,Sitlinton,esitlintonie@ustream.tv,9666.3,299.17,3092.4,2071.9,1506.48,0.4127,0.7935
664,Rosco,Swanwick,rswanwickif@mit.edu,9058.32,2987.72,3869.83,294.67,1114.7,0.228,0.7111
665,Cherye,Kynnd,ckynndig@wufoo.com,10456.95,2581.55,126.85,110.59,1341.1,0.4753,0.9589
666,Carce,Salack,csalackih@mtv.com,5966.11,2459.34,1666.97,,1951.74,0.8826,
667,Siward,Colquhoun,scolquhounii@squidoo.com,3354.64,4095.0,165.23,2030.23,1007.13,0.8911,0.1702
668,Julietta,Feltoe,jfeltoeij@technorati.com,11174.18,4110.83,,997.99,63.45,0.7708,0.9014
669,Janifer,Arnhold,jarnholdik@marriott.com,6234.85,2167.43,2770.28,1712.11,762.75,0.2715,0.5441
670,Janina,Francello,jfrancelloil@jugem.jp,2129.07,1016.05,2044.0,127.45,89.13,0.2252,0.2928
671,Donalt,Coulter,dcoulterim@statcounter.com,1862.79,4158.43,1339.85,1690.35,622.23,0.1177,0.9497
672,Tillie,Turpin,tturpinin@wikimedia.org,9396.35,871.73,1927.76,155.37,710.23,0.4145,0.0784
673,Sara,Laughlin,slaughlinio@umn.edu,4656.17,4229.68,1280.14,1913.53,1543.35,0.7975,0.9432
674,Rozella,Fackney,rfackneyip@ox.ac.uk,8686.02,4791.12,2661.59,2125.73,1450.31,0.0217,0.1015
675,Fitzgerald,Jirus,fjirusiq@gmpg.org,,830.85,2299.68,1908.2,1039.48,0.0402,0.8527
676,Gordy,Frazier,gfrazierir@about.com,8542.38,1449.02,3822.06,,1605.53,0.4428,
677,Sue,Billborough,sbillboroughis@mail.ru,6716.85,2812.22,3552.88,2637.17,1075.03,0.4349,0.024
678,Charisse,Jakoviljevic,cjakoviljevicit@soundcloud.com,7891.62,3116.39,3440.57,1510.96,256.67,0.1328,0.0692
679,Nesta,Pinks,npinksiu@vinaora.com,8314.3,3804.23,,783.28,1533.48,0.5529,0.8062
680,Giffie,Tommei,gtommeiiv@over-blog.com,11669.06,1850.81,691.44,1011.57,861.24,0.3001,0.4757
681,Phyllis,McCawley,pmccawleyiw@exblog.jp,94.99,181.7,2685.01,2729.35,800.25,0.0787,0.4269
682,Frayda,Schusterl,fschusterlix@pagesperso-orange.fr,9441.44,3472.42,1653.17,156.67,166.83,0.9422,0.6777
683,Cassy,Haselup,chaselupiy@noaa.gov,3621.13,414.89,3004.81,2624.75,1718.39,0.1743,0.853
684,Shepherd,Darnbrough,sdarnbroughiz@cpanel.net,5853.37,3256.34,,2162.35,1627.24,0.9125,0.174
685,Buddie,Van Haeften,bvanhaeftenj0@facebook.com,4464.48,4982.48,3285.29,2213.51,1350.43,0.5032,0.185
686,Cornela,Reyne,creynej1@slideshare.net,1446.88,612.18,,2463.39,1381.44,0.6618,0.2902
687,Franchot,Nund,fnundj2@ning.com,8733.04,3140.08,2130.36,,1918.17,0.4137,
688,Suzanna,Broadberry,sbroadberryj3@forbes.com,9509.16,4241.6,345.6,2025.4,1001.87,0.7382,0.6646
689,Christin,de Najera,cdenajeraj4@virginia.edu,5546.44,2440.7,2353.24,731.79,1214.69,0.6165,0.5474
690,Dmitri,Semiras,dsemirasj5@webs.com,7393.58,3113.66,2010.1,2405.96,1371.92,,0.1586
691,Jud,Muckersie,jmuckersiej6@privacy.gov.au,6206.62,1346.91,1732.72,2627.98,1139.96,0.4151,0.644
692,Carlynn,Yukhnin,cyukhninj7@vkontakte.ru,10976.96,1164.68,2674.02,336.64,646.6,0.9479,0.1778
693,Torre,Deeley,tdeeleyj8@wired.com,8784.02,2535.61,,444.2,1143.98,0.7164,0.6626
694,Ania,Moizer,amoizerj9@bravesites.com,1223.47,3644.03,228.38,1412.17,62.43,0.8403,0.102
695,August,Bentzen,abentzenja@eepurl.com,204.81,1160.23,,,1626.21,0.2443,
696,Charmaine,Normanvell,cnormanvelljb@bloomberg.com,732.99,3192.76,419.75,2728.06,484.81,0.7996,0.9746
697,Ardyce,Fitton,afittonjc@oaic.gov.au,6113.21,150.58,1395.9,2143.92,521.77,0.0442,0.0206
698,Daryle,Wakeham,dwakehamjd@stumbleupon.com,6738.27,3267.83,3131.85,2524.79,762.13,0.297,0.3832
699,Gaspar,Stookes,gstookesje@wikimedia.org,3908.28,4417.75,30.14,,1739.38,0.0692,
700,Starlene,Tonkes,stonkesjf@theglobeandmail.com,5659.87,446.74,,2493.46,261.22,0.0535,0.5096
701,Northrup,Van Der Weedenburg,nvanderweedenburgjg@wikispaces.com,2146.57,1545.38,2504.7,663.38,972.01,0.2811,0.9237
702,Cullie,Reeson,creesonjh@wikispaces.com,6351.05,3216.02,,1709.21,966.99,0.6226,0.8818
703,Teddi,Greatex,tgreatexji@i2i.jp,10754.81,382.57,1450.02,2419.42,1454.31,0.8308,0.6887
704,Clareta,Marre,cmarrejj@bbc.co.uk,4240.8,404.41,182.35,2202.05,1413.07,,0.8912
705,Simon,Urlin,surlinjk@trellian.com,3474.5,4562.48,3244.72,,66.86,0.4828,
706,Ingar,Leithgoe,ileithgoejl@pagesperso-orange.fr,11681.96,3369.67,2585.88,,272.15,0.6901,
707,Lindie,Beddoe,lbeddoejm@sogou.com,2563.76,3180.12,3360.38,875.28,616.17,,0.9718
708,Doralynne,Southcott,dsouthcottjn@google.co.jp,,4161.79,,,699.79,0.8651,
709,Amalee,Steptow,asteptowjo@about.com,,1991.1,2206.5,2791.47,1872.33,0.097,0.3363
710,Lolita,Jenik,ljenikjp@ebay.com,8326.97,4507.55,219.17,2374.68,968.7,0.4391,0.4263
711,Flint,Hammerson,fhammersonjq@bbb.org,716.73,3573.75,3381.21,1765.57,786.03,0.2792,0.5864
712,Lanny,Fallow,lfallowjr@geocities.jp,7211.93,3726.25,3227.42,882.94,1928.46,0.1729,0.7469
713,Harper,Harrema,hharremajs@samsung.com,4784.06,3159.17,,1249.11,744.46,0.191,0.6806
714,Becka,Gherarducci,bgherarduccijt@freewebs.com,11193.33,2900.16,2650.46,1459.28,1148.3,,0.4453
715,Halie,Geldert,hgeldertju@boston.com,,2968.86,411.74,1397.21,521.61,0.1671,0.1925
716,Lucita,Harries,lharriesjv@discuz.net,11476.61,3370.45,2249.2,1156.96,1506.63,0.3963,0.9263
717,Zacharia,Gossan,zgossanjw@reverbnation.com,5793.19,3240.77,2908.69,1215.65,781.34,0.5779,0.3052
718,Paulette,Stilgo,pstilgojx@eventbrite.com,914.65,3617.44,713.01,1763.6,347.53,0.0819,0.8362
719,Raven,Winsome,rwinsomejy@stanford.edu,10563.04,1459.31,3400.76,1576.97,865.59,0.2436,0.1843
720,Kristine,Riedel,kriedeljz@canalblog.com,11375.02,2845.83,3355.04,545.01,887.34,0.7833,0.8994
721,Pavlov,Fibbens,pfibbensk0@utexas.edu,8798.31,3352.86,816.04,732.29,1348.17,0.4392,0.5324
722,Emmaline,Antonazzi,eantonazzik1@google.it,9883.96,4633.23,,779.89,1390.6,0.2209,0.2229
723,Roselia,Sivewright,rsivewrightk2@scribd.com,9484.93,215.97,1723.79,1383.21,1105.12,0.5207,0.6569
724,Tripp,Blackah,tblackahk3@bandcamp.com,8843.21,1571.28,214.72,1006.86,249.39,,0.7849
725,Laurence,Wiley,lwileyk4@go.com,9204.91,552.46,2790.13,1003.36,79.87,0.9867,0.1012
726,Price,Killby,pkillbyk5@live.com,,4001.14,1958.86,2267.27,1171.89,0.2266,0.0319
727,Kitti,Manneville,kmannevillek6@google.fr,9451.4,4501.16,,613.19,1136.72,0.7683,0.1753
728,Anet,Royal,aroyalk7@netscape.com,11168.03,4257.22,463.81,1911.78,1837.31,0.2612,0.263
729,Sheena,Whytock,swhytockk8@networksolutions.com,10054.35,1383.74,2278.45,162.65,271.5,0.3073,0.5886
730,Bengt,Antonignetti,bantonignettik9@meetup.com,3096.93,41.23,1299.43,292.38,1123.78,0.9063,0.1836
731,Patty,Marzellano,pmarzellanoka@merriam-webster.com,2701.16,4283.76,2213.53,2705.68,65.09,0.654,0.5695
732,Mommy,Pennicard,mpennicardkb@webnode.com,7557.31,602.15,2060.59,1099.17,459.64,0.1338,0.8507
733,Drusy,Wycliffe,dwycliffekc@jimdo.com,8663.09,1860.38,2087.88,1158.75,210.0,0.0368,0.1581
734,Noak,O'Carrol,nocarrolkd@sciencedirect.com,4186.09,1715.25,2346.25,2561.53,778.94,0.6307,0.768
735,Aksel,Blues,ablueske@independent.co.uk,868.37,3591.1,1683.28,2238.54,1749.5,0.3369,0.8219
736,Berri,Fahrenbach,bfahrenbachkf@fda.gov,4017.85,3136.33,3813.25,825.26,929.81,0.4159,0.6839
737,Arliene,Boatman,aboatmankg@is.gd,2892.08,2792.6,2524.41,953.84,331.36,0.0957,0.6066
738,Leland,Chrystal,lchrystalkh@examiner.com,11930.49,2336.12,3428.38,2006.06,937.42,0.3696,0.9798
739,Caroline,Tuppeny,ctuppenyki@dailymotion.com,3454.14,4083.64,795.04,2451.84,320.28,0.1732,0.9441
740,Gardner,Hunton,ghuntonkj@loc.gov,5774.96,591.84,,962.78,1267.32,0.8307,0.1754
741,Noach,Genn,ngennkk@wp.com,6478.01,1164.3,3205.85,159.22,164.85,0.7932,0.4904
742,Scott,Worgan,sworgankl@domainmarket.com,,4461.59,746.01,1064.0,415.62,0.6067,0.9485
743,Flin,Mansion,fmansionkm@shinystat.com,1969.19,2197.45,536.89,1600.18,1746.2,0.6644,0.3089
744,Merrick,Weir,mweirkn@hatena.ne.jp,4958.71,1802.43,2273.92,1593.84,275.26,0.6876,0.1017
745,Arnoldo,Avrahamov,aavrahamovko@buzzfeed.com,8134.16,3897.52,3477.99,236.02,1393.03,0.7149,0.4152
746,Tiffy,Laban,tlabankp@timesonline.co.uk,10084.78,1750.7,,929.14,1099.62,0.1377,0.8582
747,Cynthia,Ladbury,cladburykq@ameblo.jp,5512.89,2317.52,3686.06,,1663.32,0.8957,
748,Zorina,Jenton,zjentonkr@thetimes.co.uk,3381.69,2156.06,1052.85,1670.87,1849.34,0.5422,0.3227
749,Janessa,Gristwood,jgristwoodks@google.it,5726.83,3084.47,181.16,2466.68,942.56,,0.8897
750,Hilary,Colson,hcolsonkt@go.com,5031.82,384.01,3394.98,906.14,1920.87,0.5552,0.8005
751,Basil,O'Hdirscoll,bohdirscollku@ed.gov,5388.84,2829.27,1982.55,2018.21,700.64,0.0542,0.4053
752,Minnaminnie,Clemow,mclemowkv@mail.ru,7419.8,2104.25,3911.13,2022.82,851.8,0.1448,0.1995
753,Alvy,Goldring,agoldringkw@blogs.com,8433.45,1306.12,1068.55,1471.07,1223.87,0.199,0.4136
754,Avril,Clementet,aclementetkx@simplemachines.org,6403.41,343.86,3011.28,2529.05,787.43,0.5216,0.0685
755,Rory,Terrett,rterrettky@utexas.edu,4439.06,,3792.16,2642.02,,0.6199,0.7158
756,Querida,Ortsmann,qortsmannkz@phoca.cz,94.35,3162.8,424.04,2298.96,1233.3,0.1697,0.2189
757,Reinold,Oattes,roattesl0@cargocollective.com,10834.05,,2181.63,2770.88,,0.968,0.7027
758,Kahaleel,Jelkes,kjelkesl1@myspace.com,9181.51,338.0,1348.2,1118.35,66.26,0.8887,0.0057
759,Pier,Prisk,ppriskl2@dropbox.com,6592.48,2793.98,2225.82,2076.44,848.18,0.8086,0.5798
760,Stevena,Chalfont,schalfontl3@hexun.com,,3420.18,3251.35,2840.14,1637.66,0.954,0.8546
761,Ardath,Harman,aharmanl4@arstechnica.com,3172.85,2289.32,,2771.62,493.86,0.445,0.1799
762,Ann,Cottem,acotteml5@timesonline.co.uk,171.74,799.76,238.41,330.79,913.15,0.3584,0.7575
763,Rabi,Reilingen,rreilingenl6@hao123.com,2739.9,3575.8,858.96,1445.32,851.14,,0.33
764,Anallise,Kinleyside,akinleysidel7@canalblog.com,8176.07,,308.86,1958.74,,0.3783,0.8874
765,Welsh,Waddilow,wwaddilowl8@digg.com,10527.4,,3298.3,2738.23,,0.8834,0.0759
766,Korie,Shyre,kshyrel9@meetup.com,4863.52,3068.81,745.03,13.94,1725.73,0.2537,0.4129
767,Sharlene,Reeves,sreevesla@howstuffworks.com,537.92,4030.57,115.16,2377.19,1471.72,0.14,0.0014
768,Nickie,Woolnough,nwoolnoughlb@cafepress.com,948.88,2581.63,3140.53,647.78,155.0,0.2811,0.3124
769,Vaclav,Deverale,vdeveralelc@craigslist.org,3565.86,3183.57,1555.28,2532.15,1084.29,0.5616,0.3996
770,Patrizio,Aldins,paldinsld@webnode.com,1310.8,2990.18,1467.7,148.95,614.67,0.867,0.411
771,Brig,Lougheed,blougheedle@army.mil,7678.02,2697.65,2258.23,103.6,887.88,0.5511,0.142
772,Tine,Pococke,tpocockelf@google.co.jp,11131.44,3082.65,245.44,755.33,51.05,0.2783,0.2838
773,Adeline,Ceeley,aceeleylg@go.com,11541.73,2903.5,3308.57,2930.23,1568.51,0.5312,0.0574
774,Bryna,Mantrip,bmantriplh@google.it,2031.33,275.52,2515.22,1539.61,790.09,,0.415
775,Berrie,Ellcock,bellcockli@un.org,2360.08,1411.65,1407.91,476.93,1746.45,0.7052,0.5553
776,Harald,Danick,hdanicklj@xrea.com,9158.03,2997.71,2006.21,1116.3,6.7,0.2268,0.5602
777,Edy,Saintpierre,esaintpierrelk@cbc.ca,3329.74,84.51,2021.83,899.69,1579.76,0.1307,0.0276
778,Noach,Bodker,nbodkerll@moonfruit.com,11749.02,2160.8,927.63,871.31,1427.88,0.1962,0.8234
779,Willetta,Laxe,wlaxelm@weibo.com,5651.04,4764.69,2640.38,1089.32,1424.93,0.3597,0.3936
780,Gabi,Brigstock,gbrigstockln@tamu.edu,972.97,2939.23,2799.93,2466.68,622.68,0.732,0.726
781,Jackson,Puzey,jpuzeylo@nhs.uk,2373.57,34.35,,,160.84,0.9652,
782,Odelle,Dight,odightlp@usatoday.com,5882.95,626.08,3773.13,13.17,1572.62,0.7428,0.3202
783,Melessa,Stealfox,mstealfoxlq@purevolume.com,8941.7,4544.14,2034.63,329.68,821.56,0.5866,0.923
784,Maison,Braidman,mbraidmanlr@npr.org,9928.37,2662.59,,1592.01,1298.36,0.1606,0.4798
785,Hercule,Gawne,hgawnels@reference.com,4687.66,719.0,2133.48,340.47,1656.26,0.2949,0.5881
786,Tansy,Cullinan,tcullinanlt@blog.com,9891.47,2027.15,1834.4,2591.51,188.14,0.982,0.483
787,Kati,Leborgne,kleborgnelu@webmd.com,3682.7,4088.21,1645.71,1355.8,1897.56,,0.0446
788,Jim,Clurow,jclurowlv@apple.com,4365.57,1013.59,141.22,1114.77,970.65,0.0472,0.6303
789,Godiva,Klimochkin,gklimochkinlw@360.cn,3370.17,3374.7,2142.69,2244.7,1755.83,0.0799,0.0966
790,Roddie,Chaffen,rchaffenlx@wired.com,2885.18,,3530.79,2260.93,,0.6515,0.2438
791,Valene,Seyers,vseyersly@acquirethisname.com,7782.94,4968.27,773.16,1269.51,1467.08,0.8942,0.1461
792,Gabi,Thunder,gthunderlz@feedburner.com,991.63,47.42,566.09,1683.02,872.18,0.2907,0.3401
793,Brear,Obispo,bobispom0@scientificamerican.com,5863.4,4907.19,1164.69,909.03,1188.77,0.2126,0.9714
794,Shandeigh,Springate,sspringatem1@usnews.com,6137.25,4067.78,3956.26,960.98,59.96,0.6445,0.9851
795,Griswold,Pead,gpeadm2@yandex.ru,7305.78,2526.82,915.82,1493.0,1612.96,,0.441
796,Rollo,Bascombe,rbascombem3@deliciousdays.com,4378.62,2136.9,519.01,,616.0,0.1746,
797,Maxi,Marven,mmarvenm4@constantcontact.com,543.03,2192.43,677.48,2879.54,1034.31,0.9683,0.9129
798,Nerita,Faulkner,nfaulknerm5@auda.org.au,645.51,2281.66,2444.26,535.0,1487.73,0.2614,0.6265
799,Clayborn,Towll,ctowllm6@kickstarter.com,8259.85,1128.27,,2981.71,804.69,0.2233,0.7033
800,Ferrel,Fernan,ffernanm7@php.net,999.6,2518.29,1545.19,1887.74,435.32,0.52,0.5266
801,Hansiain,Fairest,hfairestm8@google.co.uk,6109.82,3260.67,1285.78,2456.67,1139.33,0.7262,0.9605
802,Kingsly,Dudding,kduddingm9@mit.edu,11646.49,2686.75,,141.19,757.85,0.7051,0.1827
803,Suzann,Hrachovec,shrachovecma@time.com,6349.68,2919.68,252.16,416.73,1954.16,0.9214,0.2799
804,Devan,Swenson,dswensonmb@cafepress.com,4247.85,685.69,2080.11,1306.39,556.55,0.526,0.7285
805,Deni,Lingard,dlingardmc@phoca.cz,284.0,3631.07,3129.15,194.38,1828.44,0.02,0.6079
806,Bartholemy,Godain,bgodainmd@privacy.gov.au,4203.36,1987.02,3237.12,2058.95,1940.26,0.9244,0.6812
807,Katalin,Sherel,ksherelme@cloudflare.com,3394.8,3750.26,3787.08,2201.46,34.67,0.0137,0.6251
808,Caressa,Hefford,cheffordmf@homestead.com,6733.7,1680.98,,2706.69,14.1,0.1121,0.9648
809,Barnett,Alsina,balsinamg@eventbrite.com,4931.71,2177.25,120.64,1443.74,731.84,0.6211,0.4799
810,Ced,Billam,cbillammh@google.co.uk,286.89,4973.88,823.3,1075.08,644.67,0.1715,0.2364
811,Foster,Sorby,fsorbymi@yahoo.co.jp,7897.96,3554.72,3187.1,1778.38,813.86,0.2266,0.1795
812,Adrianne,Virgin,avirginmj@ameblo.jp,1719.29,2633.98,654.74,531.05,501.18,0.17,0.4961
813,Shani,Mullenger,smullengermk@google.com.au,,1618.18,464.27,,93.42,0.24,
814,Sibilla,Syversen,ssyversenml@freewebs.com,7056.87,4825.72,46.38,712.78,964.01,0.937,0.0561
815,Garwin,Sage,gsagemm@delicious.com,7613.05,697.95,2344.89,892.9,905.02,0.8919,0.6208
816,Clemente,Athy,cathymn@fastcompany.com,9930.48,4402.16,2751.74,2533.0,943.17,0.125,0.1835
817,Mitchel,Molder,mmoldermo@zimbio.com,10201.61,1616.28,1520.7,1710.5,412.51,0.5254,0.9277
818,Averil,Husthwaite,ahusthwaitemp@ucoz.ru,8806.64,362.67,257.77,805.3,1603.72,0.574,0.8969
819,Cybil,Stuffins,cstuffinsmq@earthlink.net,923.47,1771.48,3832.05,1749.77,131.77,0.5525,0.5984
820,Carmel,Esbrook,cesbrookmr@irs.gov,3569.33,3100.01,,376.81,968.06,,0.6532
821,Corie,Accomb,caccombms@usa.gov,9154.41,4790.91,151.63,2135.45,623.17,0.1889,0.771
822,Carey,Grahlmans,cgrahlmansmt@jiathis.com,10966.62,4314.73,1714.95,2606.53,1833.13,0.0005,0.4124
823,Agnella,Fetherstonhaugh,afetherstonhaughmu@ca.gov,5567.16,3298.15,,2714.57,1208.19,0.8942,0.9455
824,Tamiko,Odby,todbymv@redcross.org,7763.13,,214.49,642.84,,0.7765,0.0909
825,Carmine,Dalyiel,cdalyielmw@google.de,3061.9,2505.82,2217.75,1108.21,1261.11,0.7627,0.0511
826,Chrissie,Wingeat,cwingeatmx@gov.uk,1299.97,3034.94,1132.99,615.14,858.59,0.8111,0.3089
827,Teodora,Bulpitt,tbulpittmy@globo.com,11678.19,1517.37,3682.4,1397.94,1523.15,0.7072,0.8741
828,Mollee,Rossbrook,mrossbrookmz@ning.com,1234.57,3040.83,2524.47,,1232.24,0.3515,
829,Yehudit,Tibols,ytibolsn0@over-blog.com,10781.59,4692.34,1841.23,2176.42,442.49,0.4153,0.6913
830,Idelle,Reddoch,ireddochn1@ehow.com,3281.18,3230.11,2199.42,931.5,567.37,0.4787,0.0762
831,Darcey,Butting,dbuttingn2@scribd.com,3756.06,4189.96,1167.6,2420.52,1293.17,0.6606,0.9654
832,Tamma,Braidley,tbraidleyn3@deliciousdays.com,4217.6,4061.29,2439.39,978.13,1616.43,0.1995,0.1183
833,Amberly,Warden,awardenn4@dell.com,4162.1,703.98,419.68,1491.67,970.67,0.7365,0.2402
834,Borg,Mazey,bmazeyn5@multiply.com,7677.5,2724.31,3948.63,184.21,247.23,0.9899,0.6951
835,Morley,Wrightam,mwrightamn6@vkontakte.ru,1634.48,4096.93,2009.48,1203.5,316.61,0.7992,0.7346
836,Ilsa,Oxborrow,ioxborrown7@live.com,6864.14,2571.47,396.71,1634.58,788.82,0.9269,0.0054
837,Wendel,Rotherforth,wrotherforthn8@com.com,3748.69,1925.32,1729.4,813.71,214.61,0.6224,0.6374
838,Huntley,Krause,hkrausen9@mayoclinic.com,2766.81,7.6,2602.19,2696.5,706.1,0.1909,0.1812
839,Henry,Edwin,hedwinna@reuters.com,11584.16,3792.9,840.06,2531.08,814.16,0.347,0.6934
840,Nickola,Micka,nmickanb@bigcartel.com,1350.82,567.25,851.02,781.59,588.93,0.3075,0.0718
841,Janette,Keward,jkewardnc@gov.uk,4060.81,4931.63,2992.05,1626.4,1851.99,0.2281,0.1214
842,Sayres,Kean,skeannd@yellowbook.com,1185.76,2011.14,2810.94,1938.27,1468.81,0.4962,0.1097
843,Mareah,Phettis,mphettisne@tiny.cc,3501.81,3058.17,2366.64,2020.89,1754.28,0.0456,0.5214
844,Hasty,Whichelow,hwhichelownf@foxnews.com,4806.94,,2038.56,,,0.9996,
845,Cassie,Brando,cbrandong@java.com,7043.14,4183.75,623.71,781.62,28.05,0.847,0.8988
846,Henrietta,Fevers,hfeversnh@paypal.com,2932.41,556.56,3503.36,2636.55,495.57,0.5222,0.175
847,Marys,Hickisson,mhickissonni@mayoclinic.com,8942.38,2694.95,1702.0,1276.42,1925.73,0.5627,0.5211
848,Janifer,Levins,jlevinsnj@vkontakte.ru,6776.22,,1943.3,2924.38,,0.0379,0.6758
849,Colby,Dunnan,cdunnannk@shinystat.com,3036.58,15.83,,1514.1,1980.45,,0.6098
850,Ruggiero,Robertsen,rrobertsennl@bloomberg.com,6421.8,815.04,2167.12,2699.94,1780.16,0.1028,0.4088
851,Otes,Stammer,ostammernm@youku.com,8107.42,1990.34,1243.87,907.44,811.01,0.8236,0.9086
852,Milty,Garrettson,mgarrettsonnn@lulu.com,8955.07,643.87,3538.36,1995.64,457.21,0.441,0.227
853,Tabbie,Bohling,tbohlingno@sciencedaily.com,5395.65,2711.72,3200.64,189.34,497.94,0.003,0.3085
854,Bobbye,Diack,bdiacknp@arstechnica.com,5084.91,3699.56,733.58,2520.23,12.53,0.8225,0.63
855,Pearce,Eassom,peassomnq@tumblr.com,11792.79,4754.85,2431.84,570.44,881.1,0.154,0.3564
856,Florenza,Linfoot,flinfootnr@livejournal.com,9526.11,1759.32,1078.03,2573.61,1053.2,0.9988,0.0081
857,Cherilynn,Jeenes,cjeenesns@nps.gov,2666.97,3915.78,2540.33,1058.94,1414.44,0.0525,0.2172
858,Jami,Ackenhead,jackenheadnt@paginegialle.it,6017.58,1183.07,1660.86,1809.11,438.9,0.156,0.4179
859,Thorn,Holleran,thollerannu@desdev.cn,10866.84,4850.37,256.97,1616.92,1149.42,,0.3131
860,Christal,de Clercq,cdeclercqnv@irs.gov,1860.6,1241.59,1578.27,24.97,317.6,0.2659,0.5799
861,Hansiain,McClaren,hmcclarennw@sakura.ne.jp,169.32,,3722.09,2290.6,,0.4615,0.5072
862,Dita,Banbrigge,dbanbriggenx@free.fr,731.38,,,529.1,,0.9709,0.0591
863,Aldrich,Curedale,acuredaleny@xinhuanet.com,9922.86,4130.33,3965.1,2906.56,1615.19,0.0305,0.2287
864,Dorise,Shmyr,dshmyrnz@macromedia.com,11899.24,3833.46,3725.02,2332.53,639.31,0.7809,0.6235
865,Elli,Hanmer,ehanmero0@symantec.com,1125.95,1369.11,2021.12,,45.86,0.2353,
866,Zena,Yoell,zyoello1@jalbum.net,4760.38,3808.01,3611.27,687.63,773.8,0.0366,0.5025
867,Sissie,Rawlison,srawlisono2@a8.net,4859.86,3489.78,1015.87,153.74,1114.7,0.5518,0.2817
868,Joy,Ingon,jingono3@slashdot.org,6828.86,4023.18,1799.99,2610.84,667.03,0.0898,0.0874
869,Valli,Quirk,vquirko4@eepurl.com,7802.58,2631.2,2135.69,2228.67,127.04,,0.7161
870,Waldemar,Shoreman,wshoremano5@oakley.com,10416.72,4010.57,1313.57,411.45,387.42,0.1996,0.6825
871,Danice,Atter,dattero6@mozilla.org,2086.36,1391.56,1234.77,1447.69,1485.36,0.231,0.7675
872,Damita,Springham,dspringhamo7@sfgate.com,11876.59,4276.52,85.21,1058.44,514.28,0.5707,0.9434
873,Katerine,Yandle,kyandleo8@amazon.com,11493.34,1357.74,2261.53,2169.87,483.58,0.665,0.662
874,Amalie,Durnford,adurnfordo9@tinypic.com,4878.14,1914.75,2421.52,1579.87,345.29,0.1122,0.1709
875,Janaye,Jagielski,jjagielskioa@usgs.gov,6057.69,693.24,333.46,791.4,25.71,0.3763,0.8682
876,Gonzales,Songhurst,gsonghurstob@mayoclinic.com,10180.46,556.92,3376.42,2438.29,1539.31,0.1728,0.6221
877,Branden,Gibbon,bgibbonoc@geocities.jp,2385.68,710.52,1701.88,1820.24,994.35,0.0964,0.5668
878,Bent,Lowensohn,blowensohnod@yellowpages.com,5938.7,1851.04,1004.97,23.78,1857.76,0.8996,0.4212
879,Diandra,Tidmarsh,dtidmarshoe@stanford.edu,6593.28,4295.22,1511.68,38.16,658.32,0.6376,0.1103
880,Polly,Broker,pbrokerof@nasa.gov,6667.94,4901.14,543.46,1843.9,104.28,0.0598,0.8699
881,Hymie,McLanaghan,hmclanaghanog@weebly.com,421.47,3673.28,2240.81,1720.53,808.21,0.1419,0.1439
882,Amabel,Doog,adoogoh@wufoo.com,4857.14,2956.55,2647.04,706.41,88.04,0.1428,0.2214
883,Dulcine,Sworder,dsworderoi@archive.org,,1048.79,2435.31,1480.23,1625.0,0.3266,0.8792
884,Zsa zsa,Clarage,zclarageoj@umich.edu,8596.28,1063.9,490.43,895.71,1125.0,0.472,0.4022
885,Aryn,Humberstone,ahumberstoneok@webnode.com,7046.11,963.54,1682.42,2244.88,1197.08,0.5512,0.1202
886,Flinn,Hazle,fhazleol@apple.com,9544.9,3646.25,778.91,2103.96,1595.02,0.2343,0.4115
887,Harrison,Atyea,hatyeaom@mtv.com,,1035.2,3923.37,1864.26,1100.58,0.9189,0.8782
888,Fredia,Jonas,fjonason@studiopress.com,3932.34,,1652.0,2062.92,,0.0743,0.9065
889,Johnna,Nelthrop,jnelthropoo@macromedia.com,,4510.94,660.53,1798.19,1674.3,0.3231,0.9336
890,Wandie,Quinane,wquinaneop@umn.edu,10247.68,1807.1,194.2,2384.07,1904.7,0.8162,0.0049
891,Codie,Hing,chingoq@hatena.ne.jp,10193.64,2292.38,2111.61,1262.55,56.73,0.7624,0.6274
892,Dwayne,Nettles,dnettlesor@studiopress.com,11891.12,3023.54,1303.84,883.4,1733.25,0.2783,0.2525
893,Jodi,Teissier,jteissieros@w3.org,3474.05,309.54,3843.09,2651.52,1566.98,0.8717,0.3221
894,Natty,Izsak,nizsakot@discuz.net,11526.56,3498.17,823.67,1488.41,655.44,0.0025,0.5897
895,Linea,Statham,lstathamou@independent.co.uk,7946.43,4271.16,2326.35,1945.35,1813.65,0.4694,0.9161
896,Tammi,Ponte,tponteov@forbes.com,1261.11,1045.74,574.24,2998.6,174.16,0.2706,0.0684
897,Creighton,Morant,cmorantow@theguardian.com,7322.21,3973.19,2003.21,1709.75,547.54,0.4518,0.3466
898,Nils,Duetschens,nduetschensox@gizmodo.com,1945.21,487.38,232.55,1759.83,1075.88,0.2314,0.8897
899,Bethina,Baynham,bbaynhamoy@ftc.gov,6370.44,457.1,2933.35,1141.3,1843.85,0.2804,0.1444
900,Darcee,Pendall,dpendalloz@google.pl,8822.36,4427.14,3887.48,2113.41,1344.22,0.9424,0.8231
901,Samara,Cocklin,scocklinp0@addthis.com,6951.35,4315.84,1015.75,1884.32,3.0,0.1865,0.4158
902,Kalindi,Buchett,kbuchettp1@webs.com,2874.86,3214.53,1613.31,2312.18,428.11,0.9373,0.4256
903,Yancey,Duffill,yduffillp2@51.la,6985.08,492.45,3617.11,1798.37,269.88,0.5388,0.4015
904,Georgena,Ivanikov,givanikovp3@earthlink.net,11552.95,2708.66,3674.84,291.85,1056.77,0.5867,0.11
905,Danielle,Fusco,dfuscop4@europa.eu,9479.13,4620.98,3783.19,554.72,1422.61,0.7258,0.2541
906,Philbert,Aleksandrikin,paleksandrikinp5@biblegateway.com,10016.17,2451.76,,185.54,1668.14,0.3257,0.8233
907,Penny,Findlow,pfindlowp6@patch.com,5053.79,4166.52,2838.07,372.4,804.94,0.1796,0.108
908,Elysee,Pattillo,epattillop7@eventbrite.com,,4527.45,2217.18,430.54,1486.91,0.0772,0.9076
909,Edvard,Pape,epapep8@icq.com,1605.13,11.39,2707.03,2548.5,860.2,0.2446,0.2281
910,Brander,Grimoldby,bgrimoldbyp9@surveymonkey.com,9757.21,289.67,1971.38,1053.36,871.91,0.5508,0.5664
911,Rolando,Giorgietto,rgiorgiettopa@house.gov,2628.98,4215.82,1704.72,406.56,1539.63,0.4414,0.4445
912,Didi,Rice,dricepb@amazonaws.com,3765.74,1314.85,1840.09,918.73,1558.48,0.5643,0.7701
913,Rich,Tolcharde,rtolchardepc@phoca.cz,6215.7,4072.84,,169.29,1861.21,0.3649,0.5316
914,Winthrop,McRobbie,wmcrobbiepd@icio.us,1625.5,1234.26,2237.04,1348.9,1717.95,0.8725,0.7171
915,Glen,Peart,gpeartpe@springer.com,7128.9,3976.28,137.94,,1874.66,0.2764,
916,Katheryn,Cheatle,kcheatlepf@nasa.gov,2077.06,4807.31,1805.83,1409.19,1393.43,0.7793,0.1954
917,Leelah,Spellecy,lspellecypg@ted.com,5207.57,1954.32,877.77,1632.44,1512.65,0.4571,0.1337
918,Joice,Dorrington,jdorringtonph@google.ca,3804.09,3393.01,2222.28,2009.94,1262.37,0.6258,0.2505
919,Eirena,Yeats,eyeatspi@homestead.com,10145.49,127.66,3093.09,1293.66,935.04,0.1103,0.8472
920,Oralia,Silversmid,osilversmidpj@jugem.jp,9306.36,1190.37,1278.06,2119.58,214.55,0.6663,0.9156
921,Hyacinthe,Murrells,hmurrellspk@oakley.com,5318.71,630.22,1928.45,1904.51,390.5,0.5063,0.3866
922,Melanie,Todaro,mtodaropl@usda.gov,10942.5,3844.18,51.98,1393.02,1892.2,0.5349,0.2199
923,Darcie,Placidi,dplacidipm@businessweek.com,5576.72,4737.23,,2111.65,1387.72,0.3325,0.9846
924,Marchelle,Le Galle,mlegallepn@diigo.com,5293.43,4654.7,841.16,1869.33,826.92,0.1405,0.7261
925,Clarke,Chretien,cchretienpo@unicef.org,9152.26,4069.37,3195.99,2465.19,1017.31,0.1158,0.1533
926,Harman,Dovinson,hdovinsonpp@cmu.edu,456.1,233.74,,2275.77,1070.39,0.4551,0.8537
927,Gare,Dany,gdanypq@163.com,8937.77,389.75,3262.17,2269.59,1363.53,0.8015,0.6939
928,Tara,St. John,tstjohnpr@artisteer.com,7923.21,2449.18,,911.64,834.2,0.6431,0.9808
929,Marleah,Dresche,mdrescheps@sakura.ne.jp,2379.44,1312.89,2186.27,850.46,974.28,0.9494,0.6661
930,Leilah,McHenry,lmchenrypt@ebay.co.uk,2852.07,3557.44,3759.76,1965.98,642.81,0.4893,0.1163
931,Julius,Yearsley,jyearsleypu@vkontakte.ru,6460.95,698.9,2229.58,,1876.3,,
932,Peta,Harrill,pharrillpv@typepad.com,4636.41,1338.33,369.8,2210.39,1881.88,0.5348,0.7159
933,Barrett,Hynard,bhynardpw@senate.gov,10848.33,326.42,3895.56,622.43,1177.68,0.0334,0.3306
934,Sybyl,Kelleher,skelleherpx@si.edu,461.92,2265.27,1770.94,5.33,1953.55,0.7094,0.413
935,Hagen,Oldnall,holdnallpy@cdbaby.com,4699.06,2719.36,3937.91,1048.44,406.81,,0.605
936,Tarrance,Honisch,thonischpz@yahoo.com,11459.01,3831.15,2900.75,,1937.98,0.0078,
937,Brucie,Antonijevic,bantonijevicq0@buzzfeed.com,407.09,4059.45,670.16,2703.69,1760.92,0.3008,0.7617
938,Wilie,Shakespear,wshakespearq1@cmu.edu,11874.83,287.35,3039.74,2155.06,1370.18,0.3423,0.9443
939,Gerik,Bremeyer,gbremeyerq2@aol.com,4348.98,1602.91,890.36,1490.16,68.02,0.291,0.7331
940,Herbie,Asher,hasherq3@twitpic.com,738.85,938.01,513.22,2179.73,1076.76,0.4585,0.1952
941,Delia,FitzGilbert,dfitzgilbertq4@nationalgeographic.com,2163.45,2240.9,1258.5,923.2,1045.33,0.2273,0.0729
942,Marve,Attenbrow,mattenbrowq5@blinklist.com,2069.79,2867.49,1025.36,,174.44,0.8426,
943,Anissa,Hasney,ahasneyq6@patch.com,3911.83,3285.48,1038.05,1131.25,705.36,0.2387,0.7183
944,Whitaker,Kimmins,wkimminsq7@nasa.gov,3699.48,2740.11,3546.37,2491.54,870.7,,0.4932
945,Udale,Pinchin,upinchinq8@wp.com,1580.34,2651.63,1384.63,1326.89,452.1,0.7284,0.8626
946,Josepha,Orneblow,jorneblowq9@wufoo.com,7069.17,4436.41,2683.56,1635.09,1891.01,0.6038,0.7079
947,Bert,Fortune,bfortuneqa@alibaba.com,4816.15,1724.66,1420.47,2408.55,231.35,0.9726,0.0961
948,Deeann,Kordovani,dkordovaniqb@google.it,10983.45,348.12,2870.78,1239.69,887.84,0.9674,0.9386
949,Min,Bundy,mbundyqc@umich.edu,7424.71,1297.14,2941.34,1476.74,277.99,0.1583,0.9078
950,Vidovik,Letterick,vletterickqd@1688.com,3446.33,460.91,2646.47,720.29,1829.96,0.6255,0.5012
951,Rory,Paulitschke,rpaulitschkeqe@blinklist.com,9289.74,363.2,3117.72,704.22,1572.7,0.1061,0.9239
952,Rene,Simmance,rsimmanceqf@macromedia.com,7831.9,1137.25,3322.67,,45.25,0.3757,
953,Brucie,Edds,beddsqg@indiatimes.com,10584.94,3150.01,3735.1,1964.43,798.91,0.5435,0.9377
954,Matias,Raithmill,mraithmillqh@ca.gov,933.91,859.23,536.38,1117.3,761.38,0.406,0.9538
955,Annora,Bassingden,abassingdenqi@phpbb.com,7122.8,1856.33,3411.75,1092.19,1816.34,0.2998,0.1143
956,Ario,Richmont,arichmontqj@usgs.gov,10273.94,2601.73,1039.15,1276.3,1227.99,0.4259,0.829
957,Howey,Weeds,hweedsqk@liveinternet.ru,244.56,3584.55,1182.93,216.15,963.8,0.7782,0.2488
958,Stavros,Kerbey,skerbeyql@tripod.com,1780.67,871.29,3607.06,857.81,569.67,0.0996,0.9574
959,Jefferey,Reiglar,jreiglarqm@mozilla.org,3585.87,1380.46,1253.21,2828.63,434.22,0.0592,0.2678
960,Hubie,Hartup,hhartupqn@macromedia.com,8643.81,3118.62,1410.47,2204.9,197.42,0.313,0.3654
961,Pavia,Robertis,probertisqo@blog.com,10113.61,1787.31,3950.26,1937.78,1024.19,0.8341,0.1823
962,Eliot,Alldre,ealldreqp@tiny.cc,8989.48,981.34,1176.54,105.65,813.15,0.1626,0.014
963,Marrissa,Sheeres,msheeresqq@constantcontact.com,4906.89,,3039.57,2506.4,,0.3269,0.9326
964,Melony,Daniells,mdaniellsqr@infoseek.co.jp,6551.76,4635.08,51.86,241.19,988.29,0.668,0.7627
965,Amery,Lukock,alukockqs@delicious.com,2307.13,293.86,366.0,851.58,1070.82,0.3446,0.7826
966,Malvin,Nashe,mnasheqt@china.com.cn,5259.06,2259.81,642.61,206.25,443.82,0.8227,0.2335
967,Kesley,Baldam,kbaldamqu@google.fr,10274.29,2800.18,3727.95,2132.07,863.94,0.5202,0.3508
968,Gradey,Payze,gpayzeqv@cornell.edu,11196.83,2232.72,3879.79,869.44,325.18,0.139,0.3708
969,Maryrose,Hawtin,mhawtinqw@nyu.edu,1415.27,483.74,812.92,1243.64,755.62,,0.2003
970,Ashil,Ellsworthe,aellswortheqx@mtv.com,8617.52,2904.47,2724.17,2502.59,1128.79,0.0681,0.6817
971,Sergei,Sentance,ssentanceqy@webnode.com,376.84,365.88,,358.01,743.1,0.4938,0.3528
972,Rica,O'Fergus,rofergusqz@apache.org,6936.86,4251.3,1555.23,2999.32,16.74,0.2195,0.0311
973,Nedi,Ales0,nalesr0@drupal.org,8745.56,2905.99,,,857.86,0.8895,
974,Quint,Longworthy,qlongworthyr1@state.gov,814.39,2801.51,3612.56,1474.8,1666.49,0.3165,0.7551
975,Zsazsa,Forsey,zforseyr2@sphinn.com,2150.09,2042.72,1292.86,1496.34,330.66,0.2779,0.432
976,Glyn,Courtenay,gcourtenayr3@smugmug.com,6114.07,895.23,2765.66,749.47,1448.2,0.7569,0.8463
977,Nichole,O'Fogerty,nofogertyr4@xrea.com,7096.65,324.19,317.08,2294.3,1840.46,,0.6112
978,Sydel,Dewi,sdewir5@cocolog-nifty.com,1300.6,1661.57,3658.1,551.57,448.02,0.7807,0.681
979,Arlee,Dammarell,adammarellr6@slate.com,2010.24,865.34,841.33,2511.14,1230.48,0.1912,0.7249
980,Rick,Greathead,rgreatheadr7@sitemeter.com,2679.97,,1583.64,1382.88,,0.4724,0.1259
981,Ashil,Pyser,apyserr8@howstuffworks.com,4676.91,1562.59,1019.71,350.7,1796.87,0.0393,0.1619
982,Eliza,Parlet,eparletr9@cyberchimps.com,7266.69,3396.75,1757.92,2088.48,1445.47,0.9248,0.1803
983,Jens,Babinski,jbabinskira@dailymail.co.uk,1412.69,4063.11,1647.27,1515.28,714.1,0.0545,0.3779
984,Gardener,Stedall,gstedallrb@kickstarter.com,9940.86,1392.13,2008.27,,42.62,,
985,Letta,Mallebone,lmallebonerc@tinypic.com,11482.82,1521.44,,1160.96,129.34,0.7619,0.0778
986,Juieta,Strelitzer,jstrelitzerrd@4shared.com,10655.95,4396.74,38.83,194.41,370.34,0.1488,0.5058
987,Julina,Maillard,jmaillardre@jugem.jp,10176.37,4953.9,3722.26,261.02,1337.26,0.6621,0.467
988,Kirbie,Karlolczak,kkarlolczakrf@fotki.com,11340.43,4806.15,585.79,2650.38,84.27,0.9565,0.0138
989,Yule,Bevington,ybevingtonrg@miitbeian.gov.cn,3752.54,3141.12,1386.66,2067.05,1937.47,0.5789,0.7175
990,Brod,Aaron,baaronrh@mapy.cz,10027.52,153.61,,232.76,116.32,,0.6554
991,Redford,Collings,rcollingsri@un.org,5253.23,4217.84,2158.98,2820.35,1491.69,0.5512,0.5505
992,Reina,Forson,rforsonrj@twitpic.com,8188.53,3906.41,,1371.37,759.05,0.0572,0.8239
993,Sindee,Summerlee,ssummerleerk@mapquest.com,8786.16,3091.86,3435.7,306.1,283.52,0.1006,0.5669
994,Son,Rabier,srabierrl@imageshack.us,2692.34,4193.03,,2388.39,177.08,0.8565,0.0345
995,Bar,Espie,bespierm@blogs.com,1524.82,4175.25,159.15,1185.31,1218.24,0.4804,0.475
996,Adore,Kearle,akearlern@mayoclinic.com,6916.3,739.44,2132.93,2400.08,1990.31,0.3912,0.0311
997,Sibella,Lendrem,slendremro@soundcloud.com,11300.85,,2866.75,2949.2,,0.0848,0.6572
998,Morna,Arrault,marraultrp@netscape.com,2089.96,2059.0,1177.63,1638.11,342.47,0.3671,0.8045
999,Clyve,Pilling,cpillingrq@marriott.com,10311.18,3449.11,3617.03,2202.28,3.93,0.2113,0.5737
1000,Luigi,Burras,lburrasrr@yale.edu,97.19,3721.41,6.88,402.34,1479.22,0.2097,0.9491
